""ID"",""pca1"",""pca2"",""pca3"",""pca4"",""pca5"",""pca6"",""pca7"",""pca8"",""si1"",""si2"",""si3"",""si4"",""si5"",""si6"",""gef1"",""gef2"",""gef3"",""pefi1"",""pefi2"",""pefi3"",""pefi4"",""lgm1"",""lgm2"",""lgm3"",""eag1"",""eag2"",""eag3"",""eag4"",""eag5"",""eag6"",""eag7"",""eag8"",""vis1"",""vis2"",""vis3"",""gno1"",""gno2"",""gno3"",""gno4"",""vote1"",""vote2"",""soch1"",""soch2"",""soch3"",""soch4"",""ipol1"",""ipol2"",""ipol3"",""ipol4"",""coid"",""por1"",""sex"",""reli"",""school"",""age""
9,2,5,1,5,3,1,1,1,5,5,5,4,3,2,5,5,4,4,4,5,4,5,5,5,1,5,1,3,2,4,3,5,1,5,4,4,3,4,5,3,2,4,2,1,5,4,2,5,5,3,3,1,10,1,1
10,4,4,2,4,1,1,1,2,4,4,4,3,4,3,4,4,5,4,3,3,4,4,4,3,1,4,1,2,5,4,2,5,4,4,1,3,3,4,3,3,3,5,3,3,4,2,2,5,4,3,3,2,10,2,2
11,4,4,3,1,1,1,1,2,4,3,5,3,4,4,5,5,4,5,3,4,4,5,4,4,3,5,1,4,5,5,4,1,3,4,3,5,4,5,5,3,3,5,1,1,5,4,4,1,5,3,5,2,8,1,1
13,2,4,2,4,1,1,1,1,5,4,3,3,3,4,5,4,4,5,3,4,4,5,4,4,2,4,2,3,2,5,5,5,2,4,4,4,4,4,3,3,3,4,3,1,5,2,4,4,3,3,3,1,10,2,1
17,5,3,1,2,1,1,1,1,4,5,4,2,3,3,4,5,5,4,4,3,4,4,3,4,1,5,2,3,5,5,4,3,5,1,1,3,3,4,4,3,3,4,1,1,4,3,3,3,5,4,5,2,1,1,1
19,4,3,1,3,1,1,1,1,4,4,4,3,4,4,4,4,3,5,3,3,4,4,3,1,1,1,2,2,1,1,1,1,5,5,1,3,3,3,3,3,3,4,2,3,4,1,2,1,3,4,5,1,10,2,4
23,1,1,1,1,1,1,1,1,2,2,1,2,1,1,2,3,4,2,1,1,1,2,2,3,1,2,3,1,4,2,2,3,5,3,1,1,1,1,1,3,2,2,4,4,3,5,3,1,2,4,7,1,1,3,1
26,2,1,1,1,1,1,1,1,3,4,3,2,1,1,3,3,3,2,1,1,1,4,2,3,2,3,1,1,5,3,1,3,4,4,1,3,3,3,3,3,3,4,2,2,4,2,1,4,4,4,3,1,8,2,1
28,3,1,1,1,1,1,1,1,3,2,3,4,2,2,2,2,2,3,3,3,3,3,3,4,3,5,1,1,5,5,5,1,5,1,1,3,1,3,1,3,3,5,2,1,5,2,2,6,3,4,6,1,9,1,3
29,4,1,1,1,1,1,1,1,3,4,3,4,3,3,4,4,3,2,1,1,1,4,2,4,1,5,1,1,1,4,4,5,4,4,2,3,1,4,5,2,3,4,1,1,4,4,1,6,5,3,2,2,8,2,2
32,4,2,1,1,1,1,2,1,4,4,4,4,4,3,4,4,4,4,3,2,3,4,4,3,1,4,2,4,5,4,4,2,4,2,2,4,3,4,3,3,3,2,2,3,3,2,2,6,4,4,3,1,1,2,2
34,4,3,5,4,1,1,2,1,4,4,3,4,2,3,3,3,3,4,3,3,3,4,3,4,3,3,2,2,2,4,4,4,3,4,3,3,3,3,3,3,3,4,1,1,5,3,3,6,4,4,2,1,9,2,2
35,4,4,3,4,2,1,1,1,4,4,5,4,4,4,5,5,5,4,3,3,3,5,5,5,1,4,1,3,5,5,2,5,2,5,2,4,3,4,4,3,3,5,1,1,5,5,4,4,5,3,4,1,10,2,1
38,3,1,2,4,3,3,4,1,4,4,3,4,4,4,4,3,4,5,4,4,4,4,3,4,3,3,1,2,2,4,5,5,2,4,3,3,3,4,4,2,2,3,4,2,3,4,3,1,3,4,1,1,9,1,5
39,5,3,3,4,3,2,2,3,4,4,4,3,4,4,4,4,4,4,4,4,3,4,4,4,2,5,1,2,1,5,3,4,2,4,4,3,3,4,5,2,2,4,3,3,4,1,4,6,5,4,1,1,11,1,8
42,1,1,1,1,1,1,1,1,3,2,1,1,1,1,4,3,3,4,2,1,1,1,1,2,5,5,5,1,5,5,3,1,5,2,1,2,2,2,1,3,3,2,2,4,1,3,3,1,3,1,9,1,1,1,1
44,4,4,4,4,2,2,2,2,4,4,5,3,4,5,5,5,5,4,4,4,3,5,5,4,2,5,1,3,3,3,5,5,4,4,4,4,4,4,4,3,3,5,1,1,5,6,3,5,5,3,5,1,11,1,1
46,4,4,3,5,2,1,1,3,4,4,4,4,4,4,4,4,5,5,4,4,4,5,4,5,2,5,1,1,2,5,4,5,2,4,3,5,5,5,5,3,3,5,3,3,4,4,4,6,4,4,2,2,9,3,1
48,4,2,1,1,1,1,1,1,5,4,4,3,4,3,5,5,4,4,4,4,3,5,5,4,1,5,3,3,5,5,4,1,2,1,3,3,2,3,3,3,3,5,1,1,5,6,3,2,4,4,8,2,1,2,1
49,3,1,1,1,1,1,1,1,3,4,3,3,3,2,3,4,4,3,3,3,3,4,4,4,2,3,1,1,3,3,3,3,4,2,2,3,3,4,4,2,2,4,3,3,4,4,1,6,4,4,7,1,2,1,1
51,3,2,2,2,2,1,1,2,4,5,5,4,2,4,5,4,5,5,3,3,4,5,5,5,1,5,1,1,5,5,2,5,5,4,2,4,3,5,5,3,3,5,1,1,5,5,5,6,5,3,2,1,8,2,2
53,4,3,2,4,3,2,2,2,5,5,5,5,5,5,4,4,5,4,4,4,4,5,5,5,1,5,1,2,3,5,3,5,3,5,3,2,2,5,4,1,1,4,2,2,4,5,4,6,3,4,3,1,8,2,3
55,4,4,3,2,1,1,1,1,4,4,4,4,3,3,4,5,5,3,2,3,3,5,4,5,1,5,1,1,5,5,5,5,4,5,3,3,2,4,5,3,3,5,2,2,1,4,5,4,3,3,2,2,8,3,1
58,3,3,1,3,1,1,1,1,4,4,3,4,3,3,4,4,4,5,4,3,4,4,3,3,2,3,2,1,4,5,4,2,5,3,1,2,1,3,3,3,2,5,3,1,4,2,2,6,4,4,6,2,10,2,2
59,5,5,5,5,4,3,4,3,5,4,5,5,5,5,5,5,5,5,5,5,4,5,5,5,1,5,2,5,3,5,3,5,2,4,4,5,5,5,5,3,3,5,1,1,5,5,5,6,5,3,1,2,9,2,3
60,5,4,1,5,1,1,1,1,5,5,5,5,5,5,5,4,3,4,2,3,2,5,4,5,1,5,1,2,4,5,4,5,2,4,3,4,4,4,4,3,3,5,1,1,5,4,5,6,4,3,1,2,10,3,2
63,2,3,1,3,1,1,1,1,4,3,4,3,3,3,4,4,4,4,4,4,3,3,3,5,3,4,2,2,5,4,4,2,5,1,1,3,2,4,4,3,3,4,2,2,4,3,2,6,4,4,6,1,2,3,1
64,4,3,1,4,1,1,1,1,4,4,4,3,3,3,4,4,3,4,3,2,4,5,4,4,3,4,2,3,4,5,4,4,3,3,2,4,3,4,4,3,3,4,2,2,4,5,4,1,4,4,4,1,8,3,1
65,3,1,1,3,1,1,1,1,4,4,4,3,3,3,4,4,4,3,4,4,4,4,3,4,2,4,2,3,5,4,4,2,5,3,5,3,2,4,4,3,2,4,2,3,4,4,2,3,5,4,4,1,8,2,2
67,1,4,1,1,1,1,1,1,4,3,3,3,3,3,4,4,3,4,3,4,4,4,3,3,1,5,1,1,5,5,3,4,2,4,2,3,3,3,3,3,3,4,2,2,4,2,3,6,3,4,6,2,1,1,1
69,3,3,1,2,1,1,1,1,3,3,3,3,2,3,2,2,4,3,2,3,4,3,2,4,4,4,1,1,5,3,3,1,5,2,1,1,1,3,3,3,3,4,2,1,4,2,4,6,3,4,7,2,1,3,2
70,5,4,3,4,1,1,2,1,4,4,5,5,4,4,5,5,5,4,4,4,4,5,5,5,1,4,3,4,5,5,5,5,5,5,1,5,5,5,5,3,3,5,1,1,5,5,3,1,4,3,1,2,10,2,1
77,3,3,2,4,1,1,1,1,4,4,4,4,4,3,4,4,4,3,3,3,3,4,4,3,1,4,1,4,5,4,3,2,5,1,1,2,2,2,2,3,3,4,3,3,3,3,2,6,5,3,6,2,9,3,1
82,3,2,1,2,1,1,1,1,4,3,3,1,2,2,3,4,4,4,3,2,4,4,3,1,2,4,2,1,5,3,3,1,5,1,1,3,3,3,3,3,2,4,3,3,4,3,3,4,3,4,7,1,10,2,1
84,4,3,3,5,3,3,3,3,5,5,5,3,3,3,4,3,3,5,2,2,2,4,4,5,3,4,1,2,2,5,2,5,3,5,3,4,4,3,3,3,3,5,1,1,5,4,4,1,3,4,2,1,9,2,4
89,1,1,1,3,1,1,1,1,2,3,3,4,2,2,4,3,3,4,3,3,3,4,3,4,2,3,1,1,4,2,2,1,5,2,1,1,1,3,3,3,3,4,2,2,4,4,1,1,3,4,5,1,9,2,1
93,2,3,1,1,1,1,1,1,5,5,5,5,2,2,4,3,4,4,4,3,4,4,3,4,1,4,1,1,5,4,2,4,5,4,1,3,2,3,2,3,3,4,2,2,4,3,2,6,3,4,3,2,10,2,1
96,3,5,1,3,1,1,1,1,5,5,5,5,5,5,5,5,5,5,5,5,5,5,5,5,3,2,1,1,5,4,5,2,5,1,1,1,1,5,5,3,2,5,1,1,5,4,1,6,4,4,2,2,10,2,1
100,5,3,2,2,1,1,1,1,3,3,4,2,1,2,4,3,4,4,4,4,4,4,3,4,3,5,3,3,5,4,4,5,5,4,1,3,3,4,4,3,3,4,3,2,4,4,3,4,4,2,3,2,1,2,2
101,2,1,1,1,1,1,1,1,2,1,3,4,1,2,1,1,1,2,2,2,1,2,3,1,4,5,4,1,5,3,2,1,5,1,1,1,1,2,2,3,3,3,2,2,4,6,5,2,5,4,5,2,5,2,1
102,3,1,2,4,3,3,1,3,1,4,5,2,4,5,5,5,5,5,3,4,4,5,2,5,3,5,1,3,1,5,4,5,1,5,5,4,3,5,4,3,3,5,1,1,5,2,2,6,3,3,3,1,11,3,1
103,3,4,1,3,1,1,1,1,5,5,3,3,1,1,4,3,4,5,1,1,1,5,5,5,2,4,1,2,5,5,4,1,5,1,1,1,1,3,4,2,2,4,1,1,5,3,5,1,5,4,3,1,9,2,6
104,3,4,1,2,1,1,1,1,3,3,3,2,2,3,4,3,5,4,3,3,2,4,3,3,3,3,2,2,4,4,4,4,3,4,2,2,2,4,4,3,3,5,3,3,4,3,3,3,4,4,4,2,2,1,6
108,3,4,3,3,1,1,1,1,5,5,4,4,4,4,4,4,4,5,5,5,4,4,4,3,1,5,1,3,5,4,4,2,5,3,1,2,2,5,5,3,2,5,2,2,4,5,2,6,4,4,5,2,1,1,1
112,2,3,1,3,1,1,1,1,3,1,3,2,1,2,2,2,4,2,3,1,4,5,4,4,1,3,2,1,5,5,3,1,5,1,1,2,2,2,2,3,3,3,2,2,4,5,2,2,2,4,7,2,1,3,1
115,3,4,1,2,1,1,1,1,3,3,3,3,3,3,4,3,5,3,3,3,3,5,4,3,2,5,3,3,5,5,5,3,2,1,5,3,3,3,3,2,2,5,1,1,5,4,4,1,1,4,4,2,10,1,2
116,4,4,1,3,2,1,1,1,3,4,4,3,4,3,3,2,3,4,3,3,4,5,3,5,3,5,1,3,2,5,4,5,2,5,4,4,3,3,3,3,3,5,1,1,5,3,4,6,3,3,2,2,8,2,1
125,4,5,3,4,1,1,1,3,5,5,5,5,5,5,5,5,5,5,5,5,5,5,4,5,3,5,1,5,5,5,4,5,2,5,2,4,3,4,3,3,3,5,2,1,5,4,1,5,4,3,2,1,2,1,3
126,5,3,3,5,4,2,5,3,4,4,4,3,3,3,4,3,3,4,4,4,4,4,3,4,4,5,1,2,1,5,4,5,2,4,4,3,3,3,3,3,2,4,2,2,4,2,2,6,4,4,2,1,10,1,1
130,4,4,4,5,1,1,1,2,5,5,5,5,4,4,4,4,4,5,3,3,4,5,4,5,1,5,1,4,5,5,4,5,5,4,2,5,5,5,5,3,3,5,1,1,5,2,5,5,5,4,1,1,9,3,2
135,2,1,1,1,1,1,1,1,1,2,2,3,1,1,2,2,2,2,1,1,1,3,2,4,1,3,2,1,3,3,1,1,5,2,1,3,1,3,3,3,2,4,2,2,4,3,3,6,3,4,6,1,10,3,1
136,2,1,1,2,1,1,1,1,3,4,2,1,1,1,3,4,4,3,2,1,2,3,4,4,2,4,2,1,5,4,4,1,5,2,1,2,1,2,2,3,3,4,2,2,4,3,2,5,3,4,3,2,1,2,2
140,2,1,1,1,1,1,1,1,3,3,3,2,3,2,4,2,2,2,1,1,1,4,3,3,2,2,1,1,5,2,2,1,5,2,1,4,2,3,5,2,3,4,2,2,4,1,4,2,3,4,3,1,8,3,1
143,3,2,2,3,1,1,1,1,3,4,3,3,3,3,4,5,5,4,2,2,2,5,4,3,4,5,2,1,5,5,3,4,5,1,1,3,3,3,3,3,3,4,2,2,4,4,2,6,4,4,3,1,9,2,2
144,3,4,3,3,1,1,3,1,4,5,4,2,4,3,5,4,5,3,3,3,3,5,3,5,5,5,1,1,1,5,4,5,1,5,5,3,1,3,3,1,1,5,5,1,5,1,1,1,1,4,5,1,10,3,8
147,3,2,1,4,2,1,1,1,4,4,4,3,3,3,3,4,3,4,2,2,3,5,3,4,2,5,1,4,2,5,2,5,2,4,3,3,3,4,3,3,3,4,2,2,4,3,3,6,4,4,3,2,8,2,2
149,3,1,1,1,1,1,1,1,4,3,3,3,3,3,4,3,4,4,3,3,2,5,4,4,1,3,1,1,5,4,3,1,5,3,1,3,1,4,4,3,3,3,3,2,4,4,2,3,4,4,6,1,8,3,1
150,1,2,1,1,1,1,1,1,3,3,3,3,1,1,3,2,4,4,1,1,2,4,3,3,1,5,1,1,5,4,2,3,5,2,1,3,4,3,4,3,2,5,1,1,5,2,1,6,1,4,5,2,10,2,2
153,4,4,2,4,1,1,1,1,5,4,4,4,4,4,3,4,3,4,3,3,3,5,3,4,2,3,3,4,5,4,3,4,4,3,2,3,3,3,3,3,3,5,1,1,5,3,3,1,4,3,3,1,1,3,1
154,1,1,1,1,1,1,1,1,3,3,3,3,3,3,2,2,2,3,2,2,2,3,3,3,4,3,4,1,5,3,3,1,4,2,2,1,1,1,1,2,2,4,2,2,4,4,3,1,2,4,7,1,8,3,1
159,5,4,5,5,1,1,1,1,5,5,5,5,5,5,5,5,5,5,4,5,5,5,5,5,1,4,1,3,2,5,4,5,2,4,3,4,3,5,5,3,3,5,1,1,5,2,4,6,5,3,3,2,10,1,1
161,4,5,1,3,1,1,1,1,5,5,5,4,4,4,4,4,4,4,3,4,3,5,4,4,1,5,3,3,5,5,3,5,1,5,5,3,2,4,4,3,3,1,5,5,1,4,3,5,5,4,5,2,10,1,1
162,5,1,1,1,1,1,1,1,4,2,4,2,1,1,2,2,4,2,2,2,4,4,2,2,5,4,1,1,5,3,1,3,5,1,1,3,2,4,4,3,2,5,1,1,5,1,4,6,3,4,5,2,9,1,1
164,4,2,3,4,1,1,1,1,4,4,4,4,2,3,4,4,5,4,3,4,3,4,4,4,2,5,1,4,4,5,4,5,4,5,3,3,3,4,4,3,3,4,1,1,5,3,3,6,4,4,2,2,1,2,2
167,3,4,4,3,1,1,1,1,5,4,4,3,3,3,5,4,5,5,4,4,5,5,4,5,3,4,1,2,5,5,5,5,2,5,2,2,1,4,5,3,2,4,2,2,4,3,2,5,5,3,1,2,11,2,3
175,3,3,2,3,1,1,1,1,4,4,4,4,3,4,4,4,4,4,3,3,4,3,3,3,2,5,4,3,5,4,3,5,5,4,1,2,3,4,3,3,2,4,3,3,4,2,4,4,4,4,4,2,9,3,2
176,3,3,1,2,1,1,1,1,4,4,4,3,3,3,4,3,3,3,3,4,4,4,4,4,1,3,1,2,3,4,4,4,4,3,1,3,3,3,3,3,2,4,1,1,4,3,4,5,6,3,2,2,8,3,10
178,4,2,2,5,1,1,3,3,5,5,5,4,4,3,4,5,5,5,4,4,4,4,3,4,2,4,3,2,5,4,3,5,5,2,1,1,1,3,3,3,3,5,2,5,4,2,2,6,3,3,1,1,8,1,2
181,4,4,2,3,1,1,1,1,4,4,4,3,3,3,3,3,4,4,3,3,3,5,4,5,1,5,1,1,5,5,5,5,2,4,4,1,1,5,5,3,3,5,2,1,4,2,2,5,4,4,3,2,8,1,1
182,4,4,3,2,1,1,1,1,4,4,5,4,3,3,5,4,4,4,3,2,3,5,5,5,4,5,1,2,5,5,5,2,5,4,1,3,3,4,3,3,2,4,4,3,5,4,4,6,4,4,6,2,11,3,3
184,3,3,2,3,1,1,1,1,4,4,5,4,4,4,4,4,5,3,4,4,4,4,4,4,1,2,1,2,5,4,3,2,5,1,1,3,2,3,3,3,2,4,3,3,4,4,4,6,4,4,7,1,2,2,1
186,4,4,1,1,1,1,1,1,3,4,4,2,2,2,3,4,2,4,3,3,3,4,4,2,2,5,3,1,5,5,3,3,5,4,1,2,1,4,3,3,3,2,4,4,2,2,1,6,3,4,5,2,10,2,1
187,2,3,2,2,1,1,1,2,4,3,3,3,3,4,4,4,4,4,3,3,2,4,4,4,2,4,1,3,4,5,5,3,5,4,5,3,3,4,4,3,3,3,3,3,2,3,3,4,4,3,4,2,10,1,1
188,2,2,1,1,1,1,1,1,4,4,4,3,3,3,4,4,4,4,3,3,3,5,4,5,1,5,2,1,5,5,4,5,5,3,1,3,3,3,3,3,3,5,1,1,5,2,3,4,3,4,2,2,9,2,1
190,3,4,4,4,4,1,1,1,5,4,5,3,3,4,5,4,5,5,3,3,3,3,3,3,2,2,2,1,1,4,2,2,4,3,3,2,1,3,2,3,3,4,2,2,4,2,1,6,1,4,5,2,11,2,1
192,3,3,4,3,2,1,4,3,5,4,5,5,5,5,3,3,3,4,2,3,3,4,4,4,3,4,3,4,3,5,5,5,1,5,5,3,3,4,4,3,3,5,2,2,5,4,2,3,4,3,1,1,9,1,2
194,4,2,1,3,1,1,1,1,4,4,5,3,3,4,5,5,5,4,3,3,3,5,3,4,1,4,1,2,4,3,2,2,5,2,1,3,3,4,5,3,2,5,4,2,5,4,2,6,5,4,5,1,9,2,1
197,5,5,3,4,1,1,1,1,5,5,5,5,5,5,5,5,5,4,4,4,4,5,5,5,1,5,1,2,3,5,5,5,1,4,1,2,2,4,4,3,3,5,1,1,5,1,3,1,2,3,2,2,9,2,3
198,4,4,2,3,1,1,1,1,5,5,5,4,4,4,4,4,5,5,4,4,4,5,5,5,1,5,1,4,2,5,3,2,4,2,2,4,4,5,4,1,1,4,2,3,4,4,3,6,5,3,3,2,10,2,1
199,5,5,4,4,1,1,1,1,4,4,4,4,4,4,4,4,4,5,5,5,5,5,4,4,1,4,1,4,5,5,5,4,5,1,1,3,3,4,4,3,3,5,2,2,5,5,4,3,3,4,5,2,10,2,1
201,5,5,5,5,2,1,1,1,5,5,5,5,5,4,5,5,5,4,5,4,4,5,4,1,1,5,1,4,5,5,5,5,5,2,1,1,1,4,4,3,3,5,5,5,5,4,1,6,2,3,3,2,1,1,1
202,4,2,2,5,1,1,2,1,5,5,5,3,4,5,5,5,5,5,3,5,5,4,4,4,1,3,1,4,4,4,4,4,4,4,2,4,4,4,4,3,3,4,2,2,4,4,3,6,4,3,1,2,10,1,1
203,3,2,1,3,1,1,3,1,5,4,5,3,3,4,4,4,4,4,3,4,4,5,4,4,1,4,1,1,5,3,2,5,3,4,2,3,2,4,4,3,2,4,2,2,4,2,3,6,4,4,2,2,8,1,1
207,3,2,1,1,1,1,1,1,3,3,3,3,2,2,4,3,3,4,3,4,3,4,3,4,3,4,2,2,4,4,4,4,4,5,2,4,4,3,3,3,3,5,1,1,5,2,2,3,3,3,3,2,9,1,1
208,4,1,1,1,1,1,1,1,2,2,2,2,2,NA,2,3,3,3,1,1,1,4,2,2,1,1,2,1,5,2,1,1,5,1,1,2,1,2,3,3,3,4,2,2,2,1,1,6,1,1,8,2,10,3,1
209,1,1,1,1,1,1,1,1,4,4,4,3,3,4,5,4,4,5,4,4,5,4,3,3,3,5,1,1,5,4,2,1,3,4,4,3,2,4,4,3,2,5,2,3,5,5,3,1,4,1,7,2,10,2,1
213,4,3,3,3,3,2,3,2,4,4,4,3,2,3,4,4,4,5,4,4,3,4,4,4,5,5,3,5,5,5,5,5,5,4,4,4,3,4,3,3,3,4,3,2,4,5,5,6,5,2,2,2,10,1,1
215,2,1,1,1,1,1,1,1,4,4,3,3,4,3,4,4,5,4,4,3,4,5,4,5,NA,NA,NA,NA,NA,NA,NA,NA,5,4,1,4,4,4,4,3,3,4,2,2,4,5,5,6,4,4,3,2,10,2,1
217,2,3,1,2,1,1,1,1,4,3,3,2,2,1,4,4,4,4,2,2,2,4,3,3,4,5,1,3,5,5,5,5,5,3,1,3,3,3,4,3,3,4,4,4,5,6,3,6,4,3,4,2,9,2,2
219,1,2,1,1,1,1,1,1,4,4,3,2,1,1,4,5,5,3,2,3,1,4,3,3,1,3,1,2,5,5,3,5,5,4,2,1,1,2,3,3,2,4,3,3,4,5,4,2,2,3,3,2,10,2,1
222,2,2,1,1,1,1,2,1,4,4,3,3,3,4,3,3,3,3,3,2,2,4,5,4,1,3,1,3,5,3,3,3,5,2,1,3,3,3,3,3,3,4,3,3,4,4,3,6,3,4,8,2,10,2,1
224,2,3,1,1,1,1,3,1,3,4,3,3,3,3,4,4,4,4,3,3,4,4,4,4,1,2,1,1,5,3,4,5,3,4,1,3,2,3,3,3,2,5,2,2,5,2,4,3,2,2,1,2,9,2,2
225,4,3,2,2,1,1,1,1,4,4,5,4,4,4,5,5,4,4,4,4,4,5,4,5,2,5,1,1,2,4,3,4,5,3,1,3,2,4,4,3,3,4,3,3,4,3,4,6,4,4,2,2,8,2,2
228,3,3,1,1,1,1,1,1,4,4,4,3,3,3,4,4,4,4,3,4,4,4,3,3,3,4,3,2,5,4,4,2,5,2,2,3,2,4,3,3,3,5,2,2,5,3,3,3,3,4,5,2,1,3,2
230,2,3,1,1,1,1,1,1,3,3,3,3,3,3,4,4,4,3,3,3,3,3,3,3,1,3,2,1,5,2,2,3,5,1,1,3,3,3,3,2,2,4,2,2,4,3,3,2,2,4,2,2,1,2,1
232,1,1,1,1,1,1,1,1,1,1,1,1,1,1,3,3,2,3,1,1,1,1,1,1,5,5,5,1,5,2,3,1,3,1,2,1,1,1,1,3,3,2,4,4,2,5,3,6,3,1,8,1,1,3,2
233,3,1,1,1,1,1,1,1,3,4,3,3,2,2,3,2,4,4,3,3,4,4,4,5,1,2,1,1,3,3,3,1,5,1,1,3,4,3,5,3,3,5,1,2,5,2,2,3,5,4,4,2,9,2,1
238,4,4,3,4,2,1,1,1,4,4,3,3,3,3,4,4,4,5,3,4,5,5,4,3,2,4,1,3,5,4,4,3,5,4,1,3,1,3,4,3,2,4,2,2,4,6,6,6,6,4,5,2,10,1,4
239,3,3,2,1,1,1,1,1,4,3,3,3,2,2,2,2,4,3,3,3,3,5,4,4,2,3,2,2,5,4,3,1,5,1,1,3,2,3,4,2,2,4,1,1,4,4,4,6,4,4,7,2,1,3,5
243,5,3,1,1,1,1,1,1,3,1,1,3,5,5,5,1,3,5,1,3,3,5,5,3,3,4,3,1,4,4,4,4,5,1,1,5,5,5,5,3,3,5,1,1,5,4,4,1,4,2,5,1,10,2,1
244,4,3,3,4,4,3,3,3,4,4,5,3,3,4,5,5,5,5,5,4,5,5,4,4,3,5,1,4,3,4,5,3,2,5,5,3,3,5,5,3,3,5,2,2,4,3,3,6,5,3,7,1,10,1,2
245,1,2,1,1,1,1,1,1,2,2,2,1,2,2,4,4,4,3,2,3,2,3,3,4,2,3,2,1,5,3,3,1,2,1,1,2,2,4,4,2,2,4,2,2,4,3,2,6,3,4,7,1,10,2,1
250,3,2,2,3,1,1,1,1,4,4,4,3,3,3,4,4,5,4,3,3,4,5,4,4,2,4,2,2,4,4,2,4,3,4,4,3,3,3,4,3,3,4,1,1,4,3,2,2,2,4,5,1,8,3,2
253,1,1,1,1,1,1,1,1,4,3,3,2,2,2,4,3,3,3,3,3,3,3,3,3,2,2,1,1,5,2,1,2,5,1,1,1,1,1,1,3,3,4,1,1,4,1,2,2,1,4,4,2,3,1,23
254,4,3,5,5,3,2,3,4,4,5,5,4,4,4,4,3,4,4,1,4,3,5,4,4,2,5,1,5,1,5,5,5,1,5,5,4,4,4,4,2,2,5,1,2,5,3,1,6,2,4,1,2,9,2,1
255,4,4,1,4,1,1,1,1,5,5,5,3,2,2,4,4,3,4,3,4,1,5,4,4,3,4,3,3,2,5,5,5,3,5,2,4,4,4,4,3,3,5,1,1,5,5,2,3,3,3,2,2,10,3,1
259,3,3,1,4,2,3,1,3,4,4,4,4,4,4,4,4,4,5,5,5,5,5,5,5,3,5,1,4,2,5,4,5,1,5,5,2,2,4,4,2,2,4,2,1,5,3,2,5,5,4,1,2,8,3,2
261,5,3,3,4,4,1,1,1,5,5,5,5,5,5,5,4,4,5,5,5,5,4,4,4,2,4,1,1,5,5,3,5,5,4,1,5,5,3,3,3,3,5,1,1,5,4,5,6,5,3,2,1,8,3,2
262,3,2,1,1,1,1,2,1,4,4,5,2,3,3,4,4,4,4,4,4,4,4,5,4,3,3,3,3,5,5,5,1,3,3,3,3,2,4,3,3,3,4,2,2,4,3,3,2,4,4,6,1,8,2,5
263,1,1,1,1,1,1,1,1,2,1,1,1,1,1,1,3,4,2,1,1,2,2,1,1,3,5,4,1,5,4,3,1,5,2,1,1,1,1,1,3,2,3,3,3,3,2,2,2,3,1,8,1,1,3,1
265,1,1,1,1,1,1,1,1,4,3,3,4,4,4,3,3,2,3,2,3,3,4,3,4,3,4,3,3,5,5,4,2,5,2,2,3,3,3,3,3,3,4,2,2,4,2,2,6,2,1,7,2,11,3,18
267,2,2,1,1,1,1,1,1,2,4,3,2,2,2,4,4,4,3,2,3,3,5,4,4,3,5,4,2,4,4,3,4,3,4,4,2,1,4,2,2,1,4,1,1,5,5,1,3,2,4,2,2,11,1,7
270,1,1,1,1,1,1,1,1,3,2,2,4,1,1,3,2,3,3,4,2,2,4,3,2,2,2,2,1,4,2,1,1,5,2,1,1,1,2,2,3,3,4,3,3,4,4,3,5,3,4,6,1,10,3,1
273,1,3,1,1,1,1,1,1,4,4,5,5,2,3,5,5,5,3,4,4,4,5,5,4,1,5,1,2,5,5,3,5,5,3,1,4,3,3,2,3,3,4,2,3,5,4,2,4,3,4,8,2,8,2,2
274,1,1,1,1,1,1,NA,1,5,5,5,5,1,1,3,3,3,3,3,3,3,4,3,4,3,5,1,1,5,5,4,1,1,1,1,1,1,1,1,3,2,5,4,4,1,4,4,6,2,4,4,2,1,2,9
278,3,3,2,2,1,1,1,1,4,3,3,3,3,3,4,4,4,5,2,2,2,4,3,4,2,4,1,4,5,5,2,4,5,3,1,3,3,3,3,3,3,4,2,2,4,4,5,2,5,4,5,2,8,2,1
279,2,2,1,1,1,1,1,1,3,4,3,3,3,3,4,3,4,3,3,3,3,4,3,4,3,4,2,2,4,4,4,4,4,3,3,2,2,3,3,2,2,4,3,3,4,3,2,6,2,4,5,2,10,1,1
285,1,2,1,1,1,1,1,1,4,4,3,3,3,2,4,4,4,3,2,2,2,5,4,4,1,4,1,1,5,4,2,3,5,3,1,1,1,1,1,2,2,4,2,2,4,3,3,2,3,4,4,2,1,2,3
286,2,4,3,1,1,1,1,1,5,4,4,3,2,3,3,4,5,3,3,3,3,4,3,3,3,5,1,4,4,4,3,2,5,3,4,3,3,4,4,2,2,4,4,3,5,4,4,6,3,4,5,2,1,3,2
292,2,1,1,1,1,1,1,1,3,3,3,3,2,2,3,3,4,4,3,3,3,4,3,4,4,4,2,3,4,5,4,5,4,4,3,2,2,3,4,2,2,3,3,2,4,3,3,6,2,4,5,2,10,1,1
296,5,4,5,5,5,5,5,5,3,1,1,1,1,1,1,1,1,2,1,1,1,2,1,3,5,5,5,5,5,5,5,5,5,3,1,1,1,1,5,3,3,1,1,1,1,4,1,6,1,4,5,2,2,1,1
303,1,2,1,1,1,1,1,1,3,4,3,2,2,3,4,3,5,4,2,3,3,4,2,5,3,5,3,5,5,5,4,3,5,2,1,3,3,3,3,3,3,4,3,2,3,1,4,6,3,4,5,1,5,1,2
304,5,5,3,2,1,1,1,1,4,4,5,5,5,4,4,5,5,5,3,3,4,5,4,4,1,2,1,1,5,3,3,4,5,1,1,4,3,5,5,3,2,4,2,2,4,4,4,6,5,4,1,2,2,2,1
306,3,1,1,1,1,1,1,1,4,4,3,3,2,2,4,3,4,3,3,2,3,5,5,5,2,5,1,1,5,5,3,3,2,2,1,4,4,4,5,3,3,2,5,5,2,2,2,6,6,4,5,1,1,2,2
307,3,1,1,2,1,1,1,1,5,5,5,5,5,5,4,3,3,3,3,3,3,4,4,4,1,3,1,1,2,5,2,4,3,3,2,4,4,4,4,3,3,4,2,2,4,3,4,6,3,3,3,1,9,2,1
309,2,2,1,2,1,1,1,1,4,4,3,3,3,3,3,4,5,3,1,3,1,3,3,5,1,5,2,3,5,5,2,1,5,1,1,2,1,1,3,3,3,5,1,1,5,1,1,6,2,4,7,1,8,2,1
310,3,3,4,3,2,2,2,1,5,5,5,4,4,4,5,4,5,5,4,4,4,5,5,4,3,4,2,2,4,4,4,4,5,2,2,4,4,4,4,3,3,4,2,3,4,2,2,1,3,4,6,1,10,2,1
312,1,1,1,1,1,1,1,1,5,3,3,2,2,3,5,3,3,4,2,2,4,4,4,5,1,3,1,1,5,4,1,1,4,1,1,3,2,2,3,3,3,4,2,2,4,4,2,4,2,4,2,2,9,3,2
317,1,3,1,1,1,1,1,1,4,4,3,3,3,3,5,5,5,4,3,3,3,5,5,5,1,5,1,1,4,5,3,5,3,5,4,3,3,3,5,2,2,5,4,4,5,6,5,3,5,4,2,2,10,2,2
318,1,2,1,1,1,1,1,1,4,5,5,4,3,3,5,4,3,5,4,3,4,5,5,5,2,3,2,4,3,4,5,5,2,5,4,2,2,4,3,3,3,5,2,2,5,5,3,1,4,3,2,2,11,1,1
319,2,1,1,1,1,1,1,1,3,3,2,2,1,1,3,3,2,1,1,1,1,4,3,4,5,4,2,1,4,3,2,3,3,5,1,1,1,1,1,3,2,4,2,4,5,4,4,2,2,4,7,2,8,2,5
322,5,2,2,1,1,1,1,1,3,4,3,2,2,3,3,2,2,4,3,3,3,4,3,4,2,5,1,1,5,5,3,3,3,4,1,3,2,3,4,3,3,5,1,1,5,5,3,2,5,3,4,2,10,3,2
327,3,2,2,2,1,1,2,1,4,4,4,3,3,3,2,2,4,4,2,2,3,4,3,4,2,4,1,2,5,5,5,3,4,4,1,3,3,4,3,3,3,2,4,3,2,5,4,6,4,4,5,1,8,1,1
329,5,3,1,4,1,1,4,1,5,5,5,5,5,5,5,5,4,4,2,3,4,4,5,5,1,3,1,5,2,5,3,4,3,4,3,4,3,4,4,3,1,4,2,1,4,1,1,1,3,3,5,1,2,1,2
333,5,5,5,5,1,1,2,1,5,5,5,5,5,5,4,5,5,4,3,4,5,5,4,4,2,4,1,3,5,5,4,3,3,3,1,1,1,5,5,3,3,5,1,1,5,4,4,5,5,3,2,2,2,2,3
334,3,2,2,2,1,1,1,1,4,4,4,3,3,4,4,4,4,4,3,4,3,5,4,4,1,3,1,1,5,2,1,2,5,3,1,4,3,4,4,2,2,4,3,2,4,3,3,6,3,4,4,1,10,2,1
341,1,1,1,1,1,1,1,1,4,4,4,3,3,3,5,5,5,4,3,3,3,5,5,5,1,4,4,1,5,5,2,5,2,3,2,1,1,3,3,3,3,3,3,3,3,5,5,6,3,4,4,2,2,2,1
343,3,2,2,1,1,1,1,1,3,4,3,3,3,3,4,3,3,4,3,3,4,4,3,3,1,2,1,1,5,3,2,2,5,3,1,3,3,3,3,3,3,4,3,2,4,3,3,2,4,4,4,1,1,2,1
346,1,1,1,1,1,1,1,1,4,4,3,2,4,4,3,4,5,3,3,3,4,4,4,3,1,4,1,1,5,5,1,4,5,4,3,2,2,3,3,1,1,4,4,3,5,3,5,3,2,4,4,2,9,2,1
348,1,3,1,5,1,1,1,1,5,5,5,3,3,3,5,5,5,5,5,5,5,5,5,5,4,5,1,4,4,5,5,5,3,2,4,1,1,3,1,3,3,5,1,1,5,5,3,6,4,4,3,1,11,2,1
351,4,4,3,3,2,1,2,1,4,3,4,4,3,3,4,4,3,4,3,4,5,3,3,5,2,4,3,3,5,5,3,5,4,3,3,4,3,4,4,3,3,5,1,1,5,3,3,3,5,3,3,1,1,2,2
352,5,4,3,5,3,1,4,4,4,4,4,5,5,4,3,4,4,4,2,2,2,4,4,4,3,4,1,3,5,5,4,4,5,3,2,3,3,4,4,3,3,4,4,3,4,4,3,5,5,3,4,1,9,1,1
353,5,4,5,4,2,3,4,3,4,3,2,2,4,5,1,2,2,5,2,3,2,5,3,5,5,3,1,3,5,5,3,5,5,2,1,3,2,4,5,3,3,5,1,1,4,5,2,6,3,4,5,1,9,2,1
354,3,3,2,4,1,1,2,1,4,4,4,3,3,3,2,2,3,3,2,2,2,4,3,4,2,2,2,2,5,4,3,4,4,2,1,3,3,4,4,3,3,5,1,2,5,2,3,4,4,2,2,1,9,3,1
355,1,4,1,1,1,1,2,1,2,1,1,5,5,5,5,5,4,3,3,4,4,4,2,1,1,5,1,5,5,5,5,5,5,1,1,3,3,3,3,3,3,5,3,3,5,4,3,6,1,4,5,1,9,2,2
358,2,1,1,2,1,1,1,1,4,3,4,4,3,2,4,4,4,4,2,4,2,5,4,5,1,4,2,3,4,3,4,4,3,4,1,4,4,4,3,3,3,5,2,4,5,1,5,6,3,4,3,1,10,1,1
359,2,4,1,1,1,1,1,1,4,3,4,2,4,3,4,3,4,4,1,2,3,4,4,4,3,5,2,3,2,5,3,5,2,4,4,3,3,4,4,3,3,3,4,4,2,5,3,6,4,1,8,1,9,3,1
360,5,5,1,5,1,1,1,1,5,5,4,4,4,4,3,3,4,4,4,4,4,5,5,5,2,4,1,3,1,5,5,5,2,5,5,1,3,4,4,1,1,3,3,3,4,3,3,3,5,4,1,1,10,3,1
363,4,3,1,3,1,1,3,1,3,2,3,4,3,4,3,2,4,2,2,4,2,4,3,4,4,5,1,1,5,4,3,1,5,1,1,2,2,3,3,3,3,3,3,3,3,5,3,1,4,4,4,1,9,2,2
372,2,1,1,1,1,1,1,1,4,3,3,3,3,3,4,4,4,2,1,3,2,4,4,3,1,1,1,1,4,1,1,1,3,1,1,3,2,3,3,2,2,4,3,2,4,2,3,6,4,4,5,1,1,3,1
373,3,4,3,4,2,2,2,1,4,4,4,4,4,4,4,4,4,4,4,4,4,4,4,4,3,4,2,3,5,5,4,4,3,3,3,4,4,4,4,3,3,5,2,2,5,3,4,3,4,3,3,1,10,2,5
375,1,1,1,1,1,1,1,1,5,2,2,1,1,1,2,2,2,3,1,1,5,4,2,2,4,4,1,1,3,5,5,3,4,4,2,3,3,3,3,3,2,4,1,1,4,3,3,6,3,4,6,1,10,3,4
376,3,2,1,2,3,2,2,3,5,4,1,2,1,1,5,4,2,5,4,4,5,5,4,5,3,2,1,1,1,5,4,4,1,5,4,3,3,4,3,1,1,4,1,1,4,4,3,6,4,3,2,1,8,3,3
377,3,3,2,4,2,1,1,2,4,4,4,4,4,4,4,4,4,4,3,3,4,4,4,4,2,4,2,3,5,4,3,5,5,4,1,3,3,4,4,3,3,4,2,2,4,2,2,3,3,3,4,1,1,2,2
379,1,4,2,4,1,1,1,1,5,4,5,5,5,3,4,4,5,5,4,4,4,5,4,4,2,4,1,1,5,4,5,4,4,4,2,3,3,3,3,3,3,4,2,2,4,5,2,3,3,3,4,1,9,3,1
380,5,1,2,3,1,1,1,1,4,4,4,3,4,4,4,4,5,5,5,4,5,5,4,5,2,4,1,1,4,5,2,3,5,2,1,3,3,3,4,3,3,4,4,4,2,2,5,6,4,4,3,2,1,3,1
385,3,2,1,3,2,1,2,1,4,4,4,3,3,3,4,4,4,4,4,3,3,4,5,5,3,5,1,2,4,4,5,4,5,2,1,3,3,3,3,3,2,4,4,2,4,4,5,6,4,3,3,1,11,1,1
389,3,1,1,1,1,1,1,1,2,2,2,1,1,1,2,2,2,2,2,2,1,4,2,4,3,4,3,1,5,5,2,1,5,1,1,1,1,3,1,3,3,5,1,1,5,3,2,6,1,4,5,1,11,3,2
392,5,5,1,1,1,1,1,1,1,1,1,1,1,1,2,1,3,2,1,1,1,1,1,1,5,5,5,5,5,5,5,3,5,4,5,1,1,1,1,3,1,1,5,5,2,4,4,3,2,4,7,2,11,3,2
395,2,3,3,3,1,1,1,1,4,4,4,4,4,3,4,4,4,4,3,3,3,4,4,4,2,4,1,2,3,4,4,3,4,4,4,3,3,3,3,3,2,4,4,2,4,4,2,6,4,2,3,2,10,2,2
402,4,1,1,3,1,1,1,1,4,3,4,3,3,3,4,4,5,4,4,4,4,4,4,4,2,4,1,3,5,3,2,4,5,3,1,3,3,4,4,3,2,5,1,2,5,1,3,1,1,4,5,2,1,2,2
403,4,1,1,2,1,1,1,1,5,5,5,5,5,5,5,5,5,5,5,5,5,5,4,5,1,4,1,1,5,5,4,2,5,3,3,5,4,4,5,3,3,5,1,1,5,2,5,6,5,4,1,1,9,2,1
404,3,4,1,3,1,1,2,1,3,4,4,3,3,3,5,5,5,4,2,2,2,5,4,3,1,5,1,3,5,5,2,5,4,5,1,5,4,5,5,3,3,4,2,2,4,5,3,2,5,4,3,2,11,3,2
406,5,3,4,4,3,1,2,3,5,5,5,5,5,5,4,4,4,2,4,4,3,5,4,5,2,5,1,5,1,5,5,5,1,5,5,3,3,5,5,3,3,4,2,2,4,3,1,6,5,3,2,1,11,2,4
408,2,1,3,1,1,1,1,1,5,4,3,2,2,2,4,3,3,4,4,4,4,3,2,3,1,3,4,1,5,3,2,3,4,2,2,2,2,2,2,3,2,4,2,2,4,2,2,1,3,4,5,2,8,2,1
409,4,3,2,4,1,1,3,2,4,2,2,1,1,1,2,2,4,3,2,2,2,3,2,3,5,4,2,1,5,5,2,2,4,3,1,3,2,3,4,2,2,4,2,2,4,6,2,3,4,4,4,1,1,1,2
413,1,3,1,3,1,1,1,1,3,4,4,3,3,2,4,4,4,4,4,4,3,4,3,3,1,5,1,1,4,5,2,3,4,4,2,3,2,3,2,3,3,4,2,2,4,4,3,6,2,3,2,2,9,2,2
415,3,2,2,1,1,1,1,1,4,4,3,2,2,2,4,3,4,4,3,2,3,4,3,3,2,3,1,2,5,3,3,3,5,2,1,3,3,3,3,2,1,4,2,2,4,3,2,6,3,4,5,2,1,1,1
425,1,1,1,1,1,1,1,1,1,1,1,4,1,1,4,2,2,4,2,2,4,3,3,5,2,4,2,1,5,4,1,1,5,1,1,3,1,3,3,3,3,5,1,1,5,4,3,6,3,4,5,1,10,3,1
427,5,5,5,5,5,5,5,5,5,5,5,5,3,5,5,5,4,5,3,4,5,5,5,5,4,5,3,5,4,5,4,5,2,5,5,5,5,5,5,3,3,5,1,1,5,3,5,6,5,4,1,1,8,2,1
429,1,2,1,3,1,1,2,1,4,4,4,4,2,2,4,4,4,4,5,4,5,4,4,4,1,4,1,2,5,2,2,4,5,1,1,3,1,1,1,3,2,4,2,2,4,4,3,3,3,4,3,1,10,1,2
432,3,2,1,2,1,1,1,1,4,5,5,4,4,4,4,4,4,5,5,5,5,4,3,3,2,3,1,2,3,3,3,3,5,3,3,3,3,3,4,3,2,4,3,3,4,3,3,3,4,4,4,1,8,1,1
433,4,4,2,2,1,1,1,1,2,2,1,2,2,3,3,3,3,3,2,2,3,3,2,3,3,4,4,3,5,4,3,4,4,2,1,4,3,4,4,3,3,4,2,2,4,4,4,3,4,4,7,1,9,3,1
434,5,3,3,2,1,1,1,1,3,3,3,3,2,3,2,2,2,4,2,3,3,3,3,3,5,5,1,2,5,5,2,4,4,4,1,2,2,3,3,3,3,5,1,2,4,5,5,6,3,3,3,1,1,3,1
435,2,2,2,4,4,4,3,2,4,4,4,4,4,4,4,4,4,3,4,3,4,4,3,4,4,4,4,3,4,4,4,3,4,4,4,2,3,3,3,3,3,4,3,3,3,5,4,4,4,3,2,1,10,3,1
436,1,1,1,1,1,1,1,1,2,2,2,1,1,1,4,3,4,2,2,2,2,3,2,2,4,3,4,1,5,3,3,2,5,2,1,1,1,2,2,3,3,4,2,2,4,5,5,6,3,1,8,2,1,3,1
437,5,5,3,5,5,3,1,4,5,5,5,5,5,5,5,5,5,5,5,5,5,5,5,5,1,5,2,5,1,5,5,5,2,5,5,5,5,5,5,3,3,5,1,1,5,1,5,5,5,4,2,2,11,2,2
440,5,4,2,4,1,1,1,1,4,4,4,4,3,3,4,4,4,5,4,4,5,5,4,4,2,3,3,3,4,4,2,2,4,4,2,2,1,5,5,3,3,4,1,1,5,2,3,6,5,3,3,2,8,3,1
444,3,1,2,1,1,1,1,1,3,4,3,2,2,1,3,3,3,4,3,3,4,3,1,2,2,2,1,1,5,3,2,1,5,1,1,2,2,4,4,3,2,4,1,1,4,1,2,1,3,4,5,1,10,3,2
446,2,2,1,2,1,1,1,1,4,3,3,3,3,3,4,4,3,2,2,2,2,4,3,3,2,2,1,1,5,3,3,2,5,2,1,3,2,3,2,3,3,4,3,2,4,4,2,3,2,4,8,1,1,3,2
450,3,2,2,1,1,1,1,1,1,1,2,2,2,2,2,2,3,4,4,2,4,2,1,1,3,2,3,1,5,3,3,1,2,2,2,1,2,1,1,3,3,4,2,2,4,5,2,3,3,4,7,2,1,3,1
453,4,2,3,4,1,1,1,1,4,5,5,3,1,2,4,4,4,5,4,5,4,5,4,4,2,5,1,3,3,5,5,5,3,5,3,4,2,3,3,3,3,4,2,3,4,3,3,4,3,4,3,2,10,3,2
456,5,1,1,4,1,1,1,1,5,4,3,3,3,5,4,4,4,4,4,4,4,4,3,5,4,5,1,1,1,5,3,5,2,5,2,5,5,5,5,3,3,5,1,1,5,5,5,6,5,3,1,1,9,3,7
457,1,2,1,1,1,1,1,1,2,2,1,1,1,1,2,3,3,1,1,1,1,4,2,1,5,4,5,1,5,3,5,2,5,1,2,2,1,2,1,3,3,4,2,3,4,2,2,2,3,1,8,2,1,3,2
458,1,3,1,1,1,1,1,1,3,3,3,3,3,3,4,3,2,4,4,4,4,4,4,4,3,4,2,1,5,4,1,3,5,1,1,3,3,3,3,3,3,4,3,2,4,5,3,6,4,4,5,2,1,3,2
461,1,1,1,1,1,1,1,1,4,4,4,3,2,1,4,4,4,4,4,4,4,4,4,3,1,4,1,2,5,5,1,1,5,1,1,4,2,2,3,3,3,4,2,1,5,4,2,6,1,1,6,2,1,3,2
462,4,1,1,4,1,1,1,1,5,5,5,5,4,4,3,3,2,4,3,4,3,5,3,4,3,5,1,3,2,5,5,4,2,4,4,3,1,4,4,3,3,4,2,1,4,2,2,4,4,4,2,1,8,2,2
463,1,1,1,1,1,1,1,1,5,5,4,3,3,3,4,4,4,3,1,1,1,4,4,4,2,4,2,1,5,5,4,2,5,1,1,3,3,3,3,3,3,4,4,4,4,3,3,2,4,4,5,2,1,3,1
466,5,2,2,1,1,1,2,1,5,4,4,5,4,3,4,4,4,4,4,3,4,5,4,5,2,5,1,1,5,4,3,2,5,3,1,3,3,4,4,3,3,3,2,2,2,3,3,3,3,4,3,2,1,2,2
467,3,3,1,4,2,1,1,1,5,4,5,3,3,4,4,4,2,2,1,2,4,5,5,5,2,5,1,5,4,5,5,5,2,3,4,2,1,3,3,3,3,4,2,2,4,3,3,1,4,3,2,2,9,3,1
478,4,5,2,1,1,1,1,1,5,5,5,4,4,5,5,5,5,5,5,5,5,5,5,5,3,5,1,5,5,5,5,3,5,2,1,4,3,4,4,3,3,5,1,1,5,4,1,1,5,1,7,2,1,2,1
479,4,2,1,4,2,2,3,3,5,5,4,3,3,4,4,4,4,4,4,4,4,4,4,4,1,4,1,4,4,4,3,5,3,4,3,4,4,4,4,3,3,4,2,2,4,3,3,4,4,3,2,2,1,1,3
480,5,3,2,5,3,1,3,2,4,4,4,3,4,5,2,1,4,4,2,4,4,5,5,5,4,5,2,4,2,4,4,5,1,5,5,3,2,4,4,3,3,4,1,4,4,3,2,4,4,3,2,1,8,3,3
481,2,1,1,1,1,1,1,1,3,3,3,3,3,3,5,5,5,4,2,3,2,5,5,5,1,5,1,1,4,3,3,2,5,2,1,3,3,3,3,3,2,5,3,2,5,1,1,6,2,3,5,1,10,2,1
482,4,5,3,2,1,1,1,1,5,5,5,5,5,5,5,5,5,4,3,3,4,5,5,5,2,5,1,1,5,5,5,5,5,2,3,4,4,4,4,3,1,5,2,2,5,4,2,4,2,4,1,1,1,2,1
483,3,2,1,1,1,1,1,1,5,5,5,4,4,4,5,5,5,4,4,4,4,4,3,4,1,4,2,3,5,4,4,2,5,2,3,4,4,4,4,3,3,4,2,2,4,4,3,6,4,4,4,1,9,2,1
489,3,3,3,3,1,1,2,1,3,4,4,3,3,3,4,4,4,4,5,4,4,4,3,3,3,4,1,2,4,4,4,4,5,2,2,3,3,4,3,3,3,4,2,2,4,2,4,6,4,4,5,2,1,1,1
492,3,2,1,3,1,1,1,1,3,3,3,2,2,2,4,4,3,3,3,3,2,4,3,2,3,4,3,2,5,4,3,3,4,1,1,3,2,4,4,3,2,4,2,2,4,1,1,1,2,4,6,1,9,1,2
494,5,4,3,1,1,1,1,1,5,4,3,4,3,3,4,4,4,4,3,3,3,5,4,4,2,5,2,1,3,3,2,3,2,3,4,4,5,3,3,3,2,5,2,2,5,4,4,2,2,4,4,1,8,3,2
495,2,1,1,1,1,1,1,1,2,2,3,2,1,1,2,2,2,4,3,4,2,4,3,4,3,5,1,1,4,4,3,5,4,2,1,3,3,4,4,3,2,5,3,2,4,1,4,3,3,4,2,1,9,1,5
500,5,4,4,5,2,1,1,1,5,5,5,5,5,4,5,4,5,4,3,3,5,4,4,4,1,4,1,1,5,5,3,2,3,3,3,3,3,4,4,3,3,5,1,2,5,6,3,2,5,3,4,1,11,2,3
501,3,2,3,5,3,3,1,3,5,5,5,4,3,4,3,4,5,4,3,4,3,5,5,5,2,4,1,2,1,5,3,5,4,5,4,4,2,4,4,3,3,5,1,1,5,4,3,6,4,3,2,1,10,3,1
502,4,2,1,1,1,1,1,1,5,5,3,3,3,3,4,4,5,2,1,3,2,5,2,3,1,5,4,3,5,5,3,4,5,5,4,1,1,3,5,3,3,4,5,3,5,5,5,4,3,4,9,1,2,2,1
503,4,3,4,4,1,1,1,1,4,5,4,3,3,4,4,2,4,4,4,4,4,3,4,4,2,4,3,3,5,4,4,5,3,4,1,4,4,4,4,3,3,4,3,4,4,3,4,6,4,3,2,2,10,2,3
505,2,2,2,2,1,1,1,1,3,3,3,3,3,3,1,1,1,3,3,3,2,4,3,4,1,2,1,1,4,3,1,5,5,4,1,2,2,4,4,3,2,4,2,3,4,3,4,5,3,2,4,2,8,3,2
512,1,1,1,3,1,1,1,1,4,4,4,3,2,3,4,3,4,5,4,4,3,5,4,5,1,3,1,2,5,4,3,4,3,2,1,4,3,3,3,3,2,4,1,1,4,5,5,6,4,4,4,1,9,3,1
514,1,1,1,1,1,1,1,1,4,4,4,3,4,3,5,5,5,4,4,4,4,5,5,4,2,5,2,3,5,4,4,4,5,5,1,3,3,4,4,3,3,5,2,2,4,1,2,6,3,4,4,1,10,2,1
515,4,4,1,1,1,1,1,1,5,5,5,4,4,4,4,4,5,4,3,3,4,5,5,5,1,5,1,1,4,5,3,4,2,3,4,4,3,3,4,3,3,5,1,1,5,3,4,6,5,4,3,2,2,1,1
517,3,4,2,3,3,2,2,2,5,5,5,5,5,5,5,4,4,5,5,4,4,5,4,5,2,5,3,3,5,5,4,4,5,5,5,4,4,4,4,3,3,5,3,5,5,5,5,5,5,3,2,1,1,2,2
522,1,2,1,1,1,1,1,1,4,3,3,2,2,2,3,3,3,3,2,2,2,4,2,2,2,3,1,1,5,4,1,3,4,2,1,1,1,2,3,2,2,4,3,3,4,3,2,6,3,4,4,1,9,3,1
523,2,2,1,1,1,1,1,1,3,2,2,2,2,2,4,3,3,3,3,3,3,4,3,4,1,2,1,1,3,2,2,4,2,4,2,3,3,3,3,3,3,4,2,2,4,5,2,6,3,4,5,1,8,3,1
524,2,1,1,1,1,1,1,1,3,3,3,3,3,3,4,4,4,4,4,4,4,4,3,3,1,3,1,1,4,3,2,3,5,1,1,3,3,3,4,3,3,4,4,3,4,3,2,6,4,4,5,1,8,3,2
525,5,3,3,5,2,3,2,2,4,4,4,4,4,4,4,4,4,5,5,5,5,5,4,5,1,5,1,3,2,4,4,5,3,4,3,4,3,4,4,3,2,4,2,1,4,4,4,6,4,3,3,2,11,2,1
527,4,1,1,1,1,1,1,1,5,5,5,4,4,4,5,5,5,2,1,2,2,5,5,5,1,4,1,1,5,4,3,3,5,3,3,3,1,2,3,3,3,4,3,2,4,5,1,2,4,4,4,1,2,2,1
528,1,1,1,1,1,1,1,1,3,3,3,3,3,3,4,3,3,3,3,3,4,4,3,3,2,4,2,3,5,4,3,3,5,3,1,3,3,3,4,3,3,4,1,3,4,4,4,6,4,4,6,1,1,2,6
529,3,1,1,1,1,1,1,1,5,5,5,5,5,3,5,5,5,5,5,5,5,5,5,5,2,5,4,1,5,5,5,5,5,5,1,3,3,3,3,3,2,5,1,1,5,3,3,4,5,4,5,1,10,2,1
531,2,1,2,2,1,1,1,1,4,3,3,3,3,3,4,4,4,3,3,3,4,4,4,4,1,5,1,1,5,5,2,1,4,3,3,3,3,3,2,3,3,4,3,3,4,2,1,1,1,4,5,1,8,1,4
532,4,2,2,3,1,3,3,3,4,4,4,4,4,4,4,4,5,4,4,3,4,5,5,5,1,4,1,3,5,4,3,4,5,4,1,3,3,4,4,3,3,4,3,3,4,2,2,1,4,2,3,1,2,1,2
533,4,2,2,4,1,1,1,1,3,2,2,3,2,2,3,3,2,4,3,3,4,4,2,2,3,4,3,2,4,3,3,3,3,3,3,3,3,3,3,3,3,3,2,2,3,3,3,4,3,1,9,1,9,1,5
534,5,4,3,3,1,1,1,1,4,3,4,3,3,4,5,5,5,5,5,5,4,4,4,4,2,5,1,3,5,5,4,5,5,3,2,3,3,3,3,3,3,5,5,4,5,2,2,3,3,4,5,2,1,2,1
535,4,3,3,4,2,2,1,1,4,2,2,4,4,3,3,3,2,3,3,3,3,4,2,4,5,5,1,3,1,4,4,5,1,5,5,2,2,3,3,2,2,5,1,1,4,2,1,6,4,4,1,1,4,2,3
536,3,3,2,1,1,1,1,1,4,3,3,3,3,2,4,4,4,4,5,4,5,4,3,4,1,4,1,2,4,4,3,1,5,2,1,3,2,2,2,1,1,5,2,2,5,3,2,6,3,4,6,2,1,1,1
537,4,4,2,5,3,1,3,3,5,5,5,4,4,5,5,5,5,5,3,5,5,5,4,5,2,5,1,3,3,5,4,5,2,5,3,4,3,4,4,3,3,5,1,1,5,2,2,6,4,3,1,1,8,1,1
539,2,1,1,1,1,1,1,1,3,2,3,3,2,2,4,4,4,4,4,4,4,5,4,3,1,3,2,1,5,3,1,1,5,3,1,2,1,3,4,3,3,5,2,2,5,5,5,6,4,1,6,2,8,3,3
542,3,1,1,1,1,1,1,1,3,4,3,3,3,3,3,2,3,4,3,3,4,4,3,2,4,4,4,2,4,4,4,4,4,3,3,3,2,3,4,3,3,4,3,1,4,4,3,1,4,4,5,2,10,2,2
546,4,2,1,1,1,1,1,1,4,3,3,2,3,2,4,4,4,4,3,3,3,4,2,3,2,3,3,3,5,3,3,2,5,1,2,3,2,3,2,3,3,4,2,3,4,4,3,1,2,4,6,1,5,2,2
547,3,4,1,4,1,1,1,1,5,4,5,4,4,4,4,4,3,4,3,3,3,4,3,5,1,3,1,3,1,4,3,5,1,5,5,2,2,5,4,3,3,5,1,1,5,2,3,6,4,3,3,1,8,2,1
548,2,2,1,1,1,1,1,1,3,3,3,1,1,1,4,4,3,4,3,3,3,4,3,3,4,4,1,1,5,3,1,1,5,3,1,3,1,3,5,3,3,4,2,3,4,4,2,3,3,4,5,1,10,1,4
552,3,3,1,3,1,1,1,1,2,2,2,3,3,2,3,4,3,4,3,3,3,4,3,3,2,4,3,1,5,5,3,2,5,1,1,2,2,3,3,3,2,5,4,3,3,2,3,6,4,1,6,1,1,3,1
553,4,5,1,5,4,1,1,1,4,4,5,4,4,4,4,3,5,5,1,1,1,4,4,3,2,3,1,2,5,5,4,4,5,4,1,2,1,5,5,3,3,4,2,2,4,3,3,6,4,4,2,1,11,3,2
555,1,1,1,1,1,1,1,1,4,4,4,4,5,4,5,5,5,5,5,4,5,5,5,5,1,5,1,1,5,5,2,1,5,2,1,5,5,5,5,3,3,5,2,2,5,3,3,6,3,2,5,1,9,3,1
557,2,3,1,1,1,1,1,1,4,4,3,3,3,3,4,3,5,3,3,3,4,5,2,4,1,4,3,1,5,5,4,4,3,4,1,3,3,3,3,3,2,5,1,1,5,6,2,6,4,3,4,2,8,2,2
560,2,4,2,2,2,1,1,1,4,4,4,3,4,4,4,4,4,4,4,4,4,5,5,5,2,5,3,2,5,5,5,2,4,4,2,3,2,4,4,3,3,4,3,2,4,3,3,3,5,4,3,2,1,3,2
573,1,1,1,2,1,1,1,1,3,4,3,2,2,3,3,4,3,3,3,2,3,3,4,4,3,4,2,2,4,4,4,2,4,3,2,3,2,3,3,3,1,3,3,3,3,3,2,3,3,3,7,1,8,2,3
574,3,3,2,2,1,1,1,1,5,5,5,5,5,4,4,4,5,5,4,3,3,4,5,4,3,4,2,4,5,4,4,5,5,1,2,1,1,3,3,3,3,5,3,3,5,3,2,1,4,3,4,1,9,1,1
575,3,1,1,1,1,1,1,1,5,5,5,4,4,4,5,5,5,5,4,3,3,5,5,5,1,4,1,1,5,5,1,3,5,3,4,2,1,3,4,3,3,4,4,5,3,1,1,1,1,4,3,1,1,2,3
578,3,3,2,3,1,1,2,1,5,4,4,4,3,3,4,4,4,4,3,4,4,5,5,5,2,4,2,3,5,4,4,2,3,2,2,4,4,4,4,2,2,4,2,2,4,3,3,6,3,3,4,1,10,1,4
579,3,5,1,5,1,1,1,1,5,5,4,4,3,3,4,4,4,5,3,4,4,4,4,3,1,5,3,2,5,5,4,5,5,5,1,4,3,4,3,3,3,5,5,1,5,3,5,6,4,3,2,2,9,2,1
584,3,4,3,3,3,3,2,2,5,5,5,5,5,4,3,3,3,4,2,3,3,4,3,5,3,5,2,3,1,5,3,5,1,5,5,4,3,4,3,1,1,4,4,2,4,4,3,6,4,4,1,2,11,2,3
587,4,4,1,5,1,1,1,1,5,4,4,3,4,4,4,3,4,4,4,4,4,4,3,3,1,4,1,1,5,3,2,5,5,3,1,5,3,5,4,3,3,5,1,1,5,5,3,6,4,4,3,2,10,2,2
589,4,1,1,5,1,1,1,1,5,4,5,3,4,4,4,4,4,5,3,4,3,5,3,5,3,5,3,1,4,5,5,5,2,5,2,1,1,5,5,2,2,5,1,1,5,4,3,3,5,3,2,1,1,3,1
592,1,3,1,2,1,2,1,1,5,5,5,4,3,4,4,4,5,5,4,5,5,4,3,4,3,4,2,2,5,4,3,3,3,3,3,4,1,3,4,3,3,4,2,2,4,5,4,6,3,4,5,1,1,3,1
594,3,4,3,4,2,1,1,1,4,4,4,3,4,3,4,4,4,5,5,5,5,4,3,3,2,5,3,4,5,4,4,1,3,5,1,4,4,3,3,3,3,4,3,3,4,6,3,6,3,3,3,2,8,2,3
595,2,3,1,1,1,1,1,1,4,4,4,3,2,3,4,4,5,5,4,4,5,5,4,4,1,5,1,1,5,5,3,3,4,3,1,3,3,3,3,3,2,4,1,1,1,5,5,1,3,2,3,2,9,3,2
596,1,1,1,1,1,1,1,1,3,3,4,3,2,2,3,2,3,3,2,1,2,2,1,3,4,3,1,1,5,3,3,2,5,1,1,1,1,1,2,3,3,4,2,1,4,3,2,2,4,1,8,1,11,2,3
597,1,2,1,3,1,1,1,1,4,4,3,2,2,2,4,4,3,3,2,1,2,5,5,5,3,5,1,2,4,4,4,5,5,2,1,3,2,4,4,3,2,4,2,2,4,2,3,1,4,2,2,2,10,1,1
600,3,1,1,3,1,1,1,1,3,5,5,5,2,2,5,5,4,5,5,5,5,5,5,5,1,4,2,2,5,4,4,5,1,4,3,1,1,5,4,3,3,4,4,3,5,3,3,2,4,4,4,2,1,3,2
601,3,2,1,2,1,1,1,1,4,4,4,3,3,3,5,5,4,4,3,4,4,4,3,4,2,2,2,3,5,3,3,4,5,1,1,3,2,2,2,3,3,4,2,2,4,6,4,3,3,4,5,1,8,2,1
607,2,2,1,2,1,1,1,1,4,4,4,3,3,3,3,3,4,3,2,2,2,3,4,4,4,5,1,1,3,4,3,5,3,3,3,2,2,3,3,3,2,4,3,2,4,1,1,2,5,3,1,2,8,2,1
613,3,4,3,5,3,1,3,3,4,5,5,3,4,3,4,4,4,4,3,3,4,5,5,4,3,5,2,4,5,5,5,5,2,4,3,4,3,4,4,3,3,4,3,2,4,1,2,3,3,4,3,2,1,1,1
617,5,1,2,4,2,1,4,1,5,4,5,4,4,3,5,4,5,4,4,4,4,5,4,3,1,5,1,5,5,5,5,5,3,3,1,3,2,5,5,3,3,5,2,1,5,2,2,5,5,4,5,2,9,1,1
618,4,3,2,2,1,2,2,3,4,4,4,3,3,3,4,4,3,4,3,3,3,4,3,4,3,4,2,4,4,5,4,3,5,4,2,3,3,4,4,2,2,4,2,2,5,2,2,6,3,4,4,2,10,1,1
624,3,4,3,2,1,1,1,1,4,4,4,4,4,4,4,4,4,4,4,4,4,4,3,3,2,2,1,2,5,4,3,2,4,2,1,3,3,4,4,3,3,4,3,3,4,3,2,5,4,4,6,2,8,2,2
625,1,2,1,3,2,1,2,1,3,3,4,4,3,3,4,4,4,4,3,2,2,4,4,4,3,5,1,2,4,5,3,5,3,4,1,4,4,4,4,3,2,4,4,4,4,2,3,3,3,3,3,2,9,1,3
627,1,1,1,2,1,1,1,1,2,1,2,1,1,1,3,3,3,4,3,4,4,2,2,2,3,3,4,2,5,4,2,2,5,3,2,2,2,4,4,2,1,4,2,2,4,1,1,1,3,3,7,2,2,2,3
628,4,2,1,1,1,1,1,1,4,4,3,4,2,2,4,4,5,4,3,4,5,5,4,4,2,5,1,1,5,5,2,4,5,4,1,3,3,3,3,3,3,5,3,2,4,1,1,6,4,4,5,1,8,2,1
632,5,3,3,3,2,2,1,1,5,5,5,5,4,4,4,4,5,5,5,5,4,5,5,5,2,4,2,3,4,4,5,4,4,4,3,4,2,5,5,3,3,5,2,4,4,1,2,6,5,4,3,2,1,1,1
636,4,5,2,5,2,2,2,2,4,5,5,5,5,5,5,5,5,5,4,4,3,4,4,4,3,4,2,2,5,5,5,5,5,3,2,4,4,5,5,3,3,4,3,4,5,5,5,5,5,3,1,1,10,1,1
637,2,1,1,1,1,1,2,1,3,4,3,2,3,3,4,4,4,4,3,3,4,3,3,4,2,4,1,1,5,5,2,3,4,2,3,2,2,3,3,3,3,5,2,2,4,4,4,3,3,4,4,2,10,3,1
641,3,2,1,2,1,1,1,1,4,5,5,4,4,4,4,4,4,5,5,5,5,4,4,4,1,5,1,1,5,5,4,4,3,3,3,2,1,3,4,2,1,5,5,4,4,1,2,1,4,4,4,2,1,1,1
642,1,1,1,1,1,1,1,1,2,2,2,2,2,2,1,2,4,2,2,1,1,3,1,4,4,3,2,1,5,3,2,1,3,1,1,1,2,3,3,3,3,4,3,2,4,4,3,6,4,4,5,1,9,3,2
644,2,2,1,1,1,1,1,1,4,4,3,3,2,2,4,3,3,4,3,3,4,5,4,5,2,5,3,1,4,5,4,3,2,4,3,4,3,3,3,3,3,5,1,1,5,5,4,6,3,3,4,2,1,1,1
645,4,2,3,5,4,3,2,1,4,3,3,2,3,3,5,5,5,5,4,4,4,5,5,5,1,5,1,2,5,4,2,5,2,4,3,4,3,5,5,3,3,5,1,2,5,5,3,6,4,1,7,1,10,2,1
646,1,1,1,1,1,1,1,1,4,4,3,3,3,3,4,3,3,2,2,2,2,4,3,4,2,4,3,3,4,4,3,3,3,3,3,3,3,3,3,2,1,4,3,3,4,2,2,6,3,4,1,1,11,2,6
652,1,1,1,1,1,1,1,1,3,3,3,3,3,3,4,3,4,3,1,1,1,5,4,3,1,5,1,2,5,5,3,3,5,4,1,3,3,3,3,3,2,5,1,1,5,3,3,3,4,4,4,1,8,3,6
653,1,1,1,1,1,1,1,1,4,3,2,2,4,2,5,4,4,4,3,4,4,4,3,4,3,4,1,2,5,4,3,1,5,2,1,2,2,4,4,3,3,4,3,2,4,4,3,6,3,1,6,1,1,3,1
657,3,1,1,3,1,1,3,1,3,3,3,4,3,3,4,4,4,4,3,3,3,3,3,3,3,3,3,3,3,3,3,3,3,3,3,3,3,3,3,2,2,3,3,3,3,1,1,3,1,4,5,1,9,2,1
658,3,2,2,1,1,1,1,1,4,4,4,4,2,2,4,4,4,4,2,4,3,4,3,4,2,4,1,1,3,4,3,3,4,2,4,3,3,3,3,3,3,4,2,1,4,1,1,1,3,4,3,1,9,1,3
663,1,3,1,1,1,1,1,1,2,2,2,2,1,1,4,3,4,4,4,3,3,3,4,4,3,4,3,2,5,5,1,2,5,4,1,3,1,1,1,3,3,4,3,3,4,3,4,6,4,4,6,2,1,3,2
664,1,1,1,1,1,1,1,1,4,3,4,4,3,3,4,4,4,4,4,4,4,4,2,2,1,1,1,1,5,3,1,1,5,1,1,3,1,3,1,3,2,4,2,2,4,3,3,6,3,4,6,1,8,3,1
668,4,2,2,4,2,3,3,3,4,4,4,3,3,4,4,4,4,4,3,4,3,4,4,5,2,4,1,2,1,4,3,4,2,4,4,2,2,3,3,3,3,5,1,1,5,4,2,6,4,3,1,1,1,3,2
669,2,4,2,1,1,1,1,1,5,5,3,1,1,1,5,5,5,5,3,4,3,5,5,4,1,5,1,1,5,5,5,5,5,5,1,3,1,2,1,3,3,5,1,1,5,5,5,5,5,4,6,1,1,1,1
670,2,3,1,3,1,1,2,1,4,4,3,3,3,3,5,4,4,4,3,3,3,4,3,4,3,5,3,1,5,4,3,4,5,1,1,3,3,3,3,3,3,4,3,3,4,6,2,6,1,3,6,1,9,2,1
671,3,3,1,1,1,1,1,1,4,4,5,4,2,3,4,4,4,4,2,5,3,5,5,5,2,4,3,4,5,5,3,5,4,2,1,1,1,5,5,3,2,5,3,2,5,3,5,6,5,3,3,1,10,3,1
672,4,5,1,5,5,4,1,1,5,5,5,5,4,4,5,5,5,5,5,5,5,5,5,5,3,5,1,5,1,5,2,5,1,5,5,4,5,4,4,3,3,5,1,1,5,5,3,3,4,4,1,1,10,2,1
673,5,4,3,5,1,1,2,1,5,5,4,4,4,3,5,5,5,5,5,5,4,5,4,5,3,5,2,5,5,5,4,5,5,4,2,5,5,4,4,3,3,5,1,1,5,5,5,6,2,3,2,1,8,2,1
675,1,1,1,1,1,1,1,1,1,1,1,1,1,1,4,4,3,1,4,4,3,1,1,1,4,3,2,1,5,3,1,1,5,1,1,1,1,1,1,3,3,5,1,1,5,5,5,1,5,4,8,1,1,3,1
677,1,1,1,1,1,1,1,1,3,3,3,3,3,3,2,3,3,2,3,3,3,4,2,2,3,3,2,1,4,2,2,2,5,4,2,3,3,3,3,2,2,4,3,3,4,2,2,3,2,4,5,1,10,2,3
678,3,4,2,3,1,1,1,1,4,4,3,3,3,3,4,3,4,4,3,4,4,4,3,3,2,4,3,3,4,4,3,3,3,3,3,3,1,3,4,2,2,4,1,1,4,3,2,6,4,4,3,1,11,1,1
679,4,3,4,5,2,2,4,1,5,5,4,4,4,3,5,4,4,5,4,4,5,5,4,5,2,5,1,4,5,5,5,5,4,3,2,4,3,4,5,3,3,5,2,3,4,5,2,6,5,4,6,1,10,1,1
681,3,4,2,4,1,2,1,2,4,4,4,4,3,3,4,4,4,2,2,2,2,5,4,4,2,3,2,2,3,4,4,4,3,4,2,3,3,4,4,3,3,4,2,2,4,3,3,1,5,3,4,1,8,2,1
684,5,5,2,5,2,1,3,2,5,5,5,5,5,5,4,3,4,5,3,2,4,5,4,4,1,3,2,3,5,5,2,5,2,4,2,2,2,4,4,3,3,5,1,1,5,5,3,6,4,3,2,2,1,3,1
687,3,3,1,2,2,1,1,1,4,4,4,3,3,3,4,4,4,4,4,4,5,3,4,4,2,4,1,1,1,5,4,4,2,4,1,2,2,4,4,3,2,5,1,2,4,3,2,6,3,4,3,1,9,1,1
690,3,4,2,4,1,1,1,1,5,4,5,3,3,3,4,2,5,5,5,5,5,5,4,5,1,5,2,3,5,5,5,4,4,2,1,2,2,3,3,3,2,4,2,2,4,5,3,6,5,3,4,2,1,3,2
691,3,1,1,2,1,1,1,1,3,3,3,2,2,2,2,2,2,4,2,2,3,3,2,2,3,4,3,1,4,4,4,3,5,1,1,3,2,2,2,3,3,4,2,2,4,1,1,1,3,3,3,2,9,1,1
695,1,1,1,1,1,1,1,1,3,2,1,1,1,1,4,4,3,3,2,1,2,1,3,5,2,2,1,1,5,3,1,1,4,3,3,2,1,1,1,3,3,5,1,1,5,2,2,6,4,1,7,1,1,3,2
696,2,3,1,2,1,1,1,1,4,3,4,1,5,5,5,3,5,5,1,5,5,5,5,5,3,5,3,3,5,5,5,5,1,1,1,2,3,2,4,3,3,5,2,1,5,3,4,6,3,3,1,1,1,3,1
697,3,5,1,2,1,1,1,1,4,4,3,2,3,2,4,3,5,5,3,4,3,5,4,5,1,5,2,3,5,5,2,3,5,2,1,4,4,4,4,3,3,5,4,4,5,6,1,6,5,3,5,1,10,1,4
698,1,3,1,1,1,1,1,1,4,4,4,4,3,3,4,4,5,4,4,4,4,4,4,5,1,1,1,2,5,3,5,5,4,3,3,4,4,3,3,3,3,5,1,2,4,3,5,1,4,3,2,1,8,2,1
699,3,2,1,5,2,1,1,1,4,4,4,3,2,3,5,4,3,4,2,3,2,5,4,4,3,5,2,4,3,5,4,5,3,4,2,4,1,2,1,3,3,4,3,3,4,4,3,6,3,4,2,1,11,3,4
707,2,3,1,2,1,1,1,1,4,4,3,3,3,3,3,4,4,3,3,3,2,4,2,4,1,4,1,1,4,4,4,5,5,2,3,3,2,4,4,3,3,4,2,3,4,3,2,4,4,4,3,1,4,3,1
712,3,1,1,1,1,1,1,1,3,4,4,3,3,3,5,5,5,5,5,5,5,5,5,5,1,3,1,3,4,4,3,4,5,2,2,3,2,2,2,3,2,5,2,3,4,4,4,3,3,3,2,2,9,2,3
717,3,5,4,4,1,1,1,1,5,5,5,4,4,4,4,4,5,5,4,3,3,4,4,4,2,5,2,4,5,5,2,3,4,3,1,3,2,3,2,3,3,4,2,2,5,3,4,6,2,4,5,2,2,2,1
719,3,4,2,1,1,1,1,1,3,4,4,5,4,3,4,5,5,4,4,5,5,5,4,4,2,4,4,1,5,4,3,3,5,2,1,3,1,3,3,3,3,4,3,3,4,3,2,6,4,4,5,2,1,1,1
724,2,1,1,1,1,1,1,1,4,5,4,4,4,4,5,5,5,5,1,1,1,5,5,5,1,3,2,2,5,5,5,5,5,4,3,3,1,3,3,3,1,5,1,1,5,6,6,6,6,4,1,2,2,1,1
725,3,2,1,2,2,1,1,1,3,3,4,4,2,2,4,4,4,2,2,3,1,4,3,3,2,4,4,1,5,4,3,4,4,4,1,2,1,2,3,3,3,4,3,2,4,3,2,6,1,4,3,1,1,1,3
728,3,4,2,5,3,3,2,4,5,5,5,5,5,5,5,5,4,5,4,4,4,5,5,5,2,5,1,4,2,5,4,5,2,4,5,5,5,5,5,3,3,5,1,1,5,6,5,6,5,3,1,2,10,1,1
729,3,3,2,3,1,1,1,1,4,4,3,3,3,3,4,4,4,5,4,4,4,5,4,4,1,3,1,1,5,4,3,1,5,2,2,3,2,4,4,3,3,5,2,2,4,6,2,6,4,2,6,2,10,1,2
734,3,3,2,1,1,1,1,1,4,4,2,2,3,3,3,3,3,2,4,4,4,4,1,1,3,4,3,1,5,3,3,5,5,1,1,1,1,4,4,3,1,4,4,4,4,1,1,1,4,2,4,2,10,1,3
736,5,5,5,4,3,4,3,2,4,4,4,3,3,3,3,4,4,4,4,3,3,3,4,3,1,5,2,4,5,5,3,3,4,3,3,1,1,4,4,3,3,4,1,1,4,3,3,3,3,2,1,2,8,2,1
737,4,4,4,5,4,3,2,2,4,4,4,4,3,3,3,2,3,4,4,3,4,4,4,4,3,4,1,2,1,4,3,5,2,4,4,2,1,4,3,3,3,5,4,4,5,4,2,4,4,3,1,2,9,2,6
738,1,1,1,1,1,1,1,1,4,3,3,3,2,2,4,3,4,4,2,3,3,4,3,3,2,3,2,2,4,3,3,5,4,3,1,3,2,3,2,3,3,4,2,2,4,3,3,6,4,3,5,1,10,2,1
740,3,5,1,1,1,1,1,1,5,5,5,2,2,3,5,5,5,5,5,5,5,5,4,4,2,4,2,4,5,5,5,1,4,2,2,3,2,4,3,3,3,4,3,3,3,3,1,6,2,4,4,1,10,3,1
743,3,2,1,3,1,1,1,1,4,3,4,1,2,3,4,3,2,4,3,4,3,4,3,3,2,3,3,2,5,5,4,2,4,2,3,3,5,4,5,3,3,4,3,1,4,5,5,6,4,4,3,1,8,2,1
745,3,2,1,1,1,1,1,1,3,4,3,1,1,2,4,4,4,3,1,1,1,4,2,3,2,4,3,1,4,3,3,3,5,1,1,1,1,2,4,3,3,4,2,2,4,5,5,6,4,4,4,1,8,2,1
747,1,2,1,1,1,1,1,1,2,1,2,1,1,1,4,3,2,1,2,1,4,3,2,1,1,2,2,3,5,3,2,1,2,3,3,2,1,1,1,3,2,5,2,4,5,5,5,6,2,1,7,1,1,3,2
752,5,5,3,5,1,1,1,1,5,5,5,5,5,5,5,4,5,5,5,4,5,5,5,5,NA,NA,NA,NA,NA,NA,NA,NA,4,2,2,3,3,5,5,3,2,5,2,1,5,1,3,4,5,3,5,2,10,2,1
755,1,2,1,1,1,1,1,1,1,1,1,1,1,1,3,3,3,1,1,1,4,2,1,2,1,4,1,2,4,3,2,3,4,2,2,1,1,2,3,1,1,4,3,2,4,3,2,1,2,4,7,1,1,1,1
757,4,2,2,5,3,1,3,3,5,4,5,5,5,4,5,5,5,5,4,4,5,5,5,5,3,5,3,5,5,4,5,5,3,3,3,2,1,3,3,3,3,5,1,1,5,3,1,6,4,3,3,1,8,2,1
758,4,3,2,5,1,1,1,1,4,4,4,2,3,3,5,5,5,5,5,5,5,4,3,4,2,4,1,3,4,3,3,3,4,1,1,5,5,5,5,3,3,4,2,2,4,5,5,4,4,4,5,1,1,2,1
764,1,1,1,1,1,1,1,1,3,2,3,3,3,3,4,4,4,4,4,4,4,4,3,4,1,2,1,1,5,3,3,2,5,2,1,3,3,3,4,3,3,5,1,1,5,3,3,4,4,4,4,1,8,3,2
766,3,3,1,4,1,1,1,1,4,4,4,4,3,3,3,4,3,2,2,2,2,4,4,5,2,4,1,2,5,4,4,4,5,1,4,4,3,4,4,3,3,4,2,2,4,6,2,6,3,4,4,1,9,2,1
767,3,5,1,3,1,1,1,1,5,5,5,5,5,5,3,5,5,5,4,3,3,5,3,4,1,5,1,1,5,5,5,1,5,1,3,5,5,5,5,3,3,5,2,2,5,4,3,4,4,4,7,1,1,1,1
770,4,4,2,1,1,1,2,1,4,3,3,4,5,3,4,3,3,4,3,4,4,5,3,4,4,5,1,1,3,4,2,1,5,3,1,3,3,4,5,3,2,4,2,2,4,5,4,6,4,4,5,2,9,2,1
771,1,1,1,1,1,1,1,1,4,4,2,1,1,1,3,2,2,2,2,2,2,3,3,3,4,5,5,1,5,5,5,1,5,1,1,1,1,1,1,3,1,4,3,3,3,1,1,1,1,4,5,2,8,2,6
774,5,4,4,5,4,1,4,5,5,5,5,5,5,5,5,5,5,5,4,4,4,5,5,5,2,5,1,4,2,5,3,5,2,4,2,5,5,5,5,3,3,5,1,1,5,5,5,6,4,3,1,2,10,2,2
776,5,3,2,2,2,3,1,3,5,3,2,1,3,4,4,3,5,1,3,2,5,2,3,2,3,5,5,5,5,4,2,2,3,2,3,2,3,3,3,3,3,1,3,3,3,5,4,5,3,4,7,1,8,2,4
779,2,3,1,1,1,1,1,1,4,4,3,2,2,2,3,3,2,3,2,2,3,4,3,3,2,4,1,1,5,5,3,5,5,2,2,1,1,1,1,3,3,4,1,1,4,3,2,6,4,3,3,2,8,2,2
781,4,5,1,1,1,1,2,1,4,4,5,3,4,3,4,5,5,3,3,3,3,5,5,3,1,5,1,1,4,4,3,4,4,4,1,4,3,4,4,3,2,5,1,1,5,3,3,3,5,1,5,2,1,2,2
786,3,1,1,1,1,1,1,1,4,2,2,3,3,2,4,2,3,4,2,2,4,2,2,2,4,5,2,2,5,4,2,1,5,1,2,3,3,3,3,2,3,3,4,2,4,3,1,6,2,4,5,2,1,3,2
788,1,1,1,1,1,1,1,1,1,1,1,1,1,1,3,3,4,3,3,3,4,4,2,3,3,5,2,1,5,5,2,2,2,3,4,3,3,3,3,3,2,4,2,2,4,5,4,2,4,4,3,1,10,2,1
789,3,2,1,2,1,1,1,1,3,3,3,2,1,1,4,4,3,4,4,4,3,4,3,4,1,5,3,3,5,5,5,5,5,3,2,2,2,3,3,2,1,4,4,2,4,3,3,6,3,4,3,2,1,2,2
792,4,4,1,1,1,1,1,1,5,5,4,4,2,2,4,4,4,4,2,1,1,5,4,4,3,4,2,1,5,1,4,1,4,4,5,3,1,1,1,3,3,5,1,1,5,1,2,5,4,4,2,1,10,1,2
793,4,5,3,3,1,1,1,1,4,3,3,3,3,3,3,4,5,3,3,3,3,4,4,4,1,4,1,2,5,4,2,1,1,3,1,3,3,4,4,3,3,4,2,1,5,5,2,6,4,4,5,2,1,3,5
794,3,3,1,1,1,1,1,1,5,5,5,3,3,5,4,4,4,4,2,4,4,4,4,4,1,5,2,4,5,5,2,5,4,5,4,4,3,4,4,3,3,4,1,1,4,3,2,4,5,3,5,2,8,2,2
795,3,1,3,3,1,1,1,1,4,5,3,3,3,3,3,2,4,4,2,2,3,4,4,4,3,5,1,2,5,4,3,5,5,1,1,3,3,3,3,3,3,5,4,2,5,2,4,6,4,4,3,1,8,2,3
798,4,1,1,1,1,1,1,1,4,3,3,3,3,3,4,3,3,4,3,3,3,3,4,4,1,5,2,4,2,5,5,5,2,4,4,3,3,3,3,3,3,4,2,3,5,1,2,4,2,2,2,1,9,2,2
800,4,4,1,2,1,1,1,1,4,5,5,4,4,4,5,5,5,4,4,4,4,4,3,3,1,5,1,1,4,4,3,5,3,4,3,2,2,3,4,3,3,5,1,1,5,6,4,6,5,4,3,2,10,2,1
803,2,2,2,2,1,1,1,1,4,4,4,4,4,3,4,4,4,4,4,4,4,4,3,3,4,4,2,3,4,4,3,3,4,3,1,3,3,4,4,2,1,4,3,3,4,3,3,1,3,4,1,2,1,2,3
804,2,4,1,2,1,1,2,1,4,3,3,1,2,3,3,4,5,2,3,1,1,2,2,3,2,5,2,2,5,4,3,1,3,2,1,1,1,1,1,3,2,5,2,3,5,3,1,3,4,4,9,2,1,3,2
807,3,3,1,2,1,1,1,1,3,3,4,4,2,2,4,5,4,4,3,2,2,4,4,4,1,5,1,4,5,4,5,4,4,2,4,2,2,4,5,3,2,4,2,1,4,2,2,6,4,3,4,2,10,3,2
815,3,3,1,1,1,1,1,1,3,2,1,1,1,2,2,1,3,4,2,2,2,3,3,2,2,2,1,1,5,4,1,1,5,1,1,1,1,3,4,3,3,4,3,3,4,3,4,6,5,1,6,2,1,3,2
819,1,1,1,1,1,1,1,1,2,2,1,2,2,1,2,3,3,1,1,1,1,2,2,3,4,3,2,1,5,2,4,1,5,1,1,1,1,1,1,3,3,3,4,4,4,4,4,1,4,1,9,1,2,3,2
820,5,4,4,5,1,1,2,2,1,4,5,5,5,5,4,4,4,4,3,4,4,4,4,4,2,4,2,5,5,4,3,4,4,4,2,4,2,4,4,3,2,4,1,1,5,4,2,3,5,4,4,1,8,1,1
822,4,3,4,4,3,2,3,1,4,4,5,4,4,4,4,4,4,4,5,5,4,4,4,5,2,4,2,1,4,5,5,4,2,4,4,4,4,5,4,2,2,3,2,2,4,4,2,2,5,3,5,1,10,1,4
823,2,3,1,1,1,1,1,1,4,4,3,2,2,2,4,4,5,4,1,1,2,4,4,2,2,3,2,1,5,5,3,3,5,2,1,2,2,3,3,3,3,4,2,2,4,2,3,6,4,2,5,1,1,3,1
824,5,5,4,4,4,2,1,3,5,5,5,3,5,5,4,4,4,4,3,4,4,5,5,5,3,5,2,5,3,5,5,5,2,4,4,4,4,4,4,3,3,5,1,1,5,2,2,6,4,3,1,1,8,1,5
826,3,1,1,1,1,1,1,1,3,3,3,1,1,1,4,4,5,1,4,1,1,4,4,4,1,4,1,2,5,4,5,5,1,1,5,1,1,3,3,3,3,5,1,3,4,5,1,2,4,4,3,1,9,3,1
830,4,3,1,4,1,1,1,1,3,4,4,3,3,2,5,5,5,5,3,3,3,5,5,5,2,5,1,2,5,5,4,5,1,3,1,1,1,5,5,3,3,5,1,1,5,2,2,4,5,3,4,1,10,2,3
833,4,4,1,4,1,1,3,1,4,4,3,2,4,3,4,3,5,4,4,4,4,5,4,4,2,4,1,1,5,5,3,4,4,3,1,4,3,5,5,3,3,5,1,1,5,3,4,6,5,4,5,1,11,1,2
834,3,3,2,2,1,1,1,1,3,4,3,3,2,2,3,3,3,3,2,2,3,4,4,4,2,4,4,2,5,4,3,3,5,3,1,3,2,2,2,3,2,4,3,3,4,4,3,3,4,4,6,1,10,2,1
837,1,1,1,1,1,1,1,1,2,1,1,1,1,1,1,1,1,4,3,3,5,3,2,2,4,2,1,1,5,4,3,1,5,1,1,1,1,1,1,3,3,4,2,2,5,3,3,3,4,1,7,2,1,3,1
839,1,1,1,1,1,1,1,1,2,2,2,2,2,2,2,2,3,3,2,2,2,3,2,4,3,2,3,2,5,4,3,2,5,2,1,2,2,3,2,3,3,4,2,2,4,2,4,6,4,4,4,2,10,2,2
844,3,2,1,2,1,1,1,1,3,3,3,2,2,2,4,4,4,4,3,3,2,2,2,2,3,4,3,3,4,4,4,4,3,4,4,3,2,3,3,3,3,4,3,2,4,4,2,6,5,4,5,1,2,1,4
846,4,5,5,5,3,2,5,3,5,5,5,4,4,5,4,5,5,5,4,4,3,5,5,4,3,5,3,5,5,5,5,5,4,5,3,3,2,4,5,3,3,5,3,1,5,1,3,3,3,3,3,2,10,2,1
848,1,1,1,1,1,1,1,1,3,3,3,3,3,2,2,2,3,4,2,2,3,4,3,4,3,4,3,1,5,5,2,2,4,3,1,3,1,3,1,3,3,5,1,1,5,5,4,6,3,1,7,2,1,3,1
850,3,5,2,3,1,1,1,1,5,5,5,5,5,5,4,3,5,5,4,5,3,5,5,5,3,5,3,5,5,5,5,5,3,3,3,5,5,5,5,3,3,5,2,2,5,3,3,5,4,3,4,1,8,2,6
854,3,3,2,4,1,1,1,1,4,4,3,3,3,4,5,5,5,4,3,2,2,4,3,3,2,5,2,5,5,5,2,5,5,2,2,4,3,4,4,3,3,5,2,2,5,3,3,6,5,3,4,1,10,1,1
856,4,3,1,1,1,1,1,1,3,3,3,2,3,3,3,3,2,3,2,3,3,3,2,2,2,2,2,2,4,2,2,2,4,2,1,3,3,3,3,3,3,3,3,3,3,3,3,6,3,1,6,2,1,3,2
861,2,4,1,3,1,1,2,1,5,5,3,2,3,5,3,2,4,5,4,4,4,4,5,3,2,3,2,1,5,4,4,4,4,4,1,1,1,3,3,3,3,5,1,1,4,2,4,6,4,3,4,2,8,1,1
865,1,1,1,1,1,1,1,1,4,4,4,4,2,2,4,4,4,2,3,4,3,4,4,4,1,4,1,3,4,4,2,3,2,4,4,4,4,4,4,3,2,4,3,3,3,4,3,2,1,4,6,1,10,3,1
866,3,2,1,3,1,1,1,1,4,4,4,4,3,4,3,4,4,4,2,4,4,3,4,4,1,5,2,3,4,5,3,5,4,3,2,1,1,1,1,3,3,4,1,1,4,4,3,2,2,3,3,2,9,3,1
867,1,2,1,1,1,1,1,1,3,4,3,1,1,1,4,3,4,4,1,1,2,5,2,4,2,2,2,2,1,1,2,2,5,1,1,2,1,2,2,3,3,5,2,1,5,2,2,1,4,1,7,1,1,3,2
868,1,3,1,1,1,1,1,1,4,3,3,3,3,3,4,4,4,4,3,3,4,4,4,4,1,5,3,3,5,5,5,3,5,1,1,3,3,3,3,2,2,5,2,2,5,5,2,3,3,4,5,2,10,3,2
871,3,4,1,3,1,1,1,1,4,3,3,3,2,2,4,4,4,4,4,4,3,5,4,5,4,5,1,1,3,5,5,5,4,5,2,3,3,3,4,3,3,4,4,4,4,5,3,5,5,1,7,2,10,3,2
872,1,2,1,1,1,1,1,1,3,3,3,3,2,2,3,3,3,2,3,3,3,3,3,3,3,4,3,3,5,4,3,4,5,1,1,3,3,3,3,3,3,4,2,2,4,4,3,3,2,4,7,2,1,3,3
875,3,3,1,3,1,1,3,1,4,4,4,4,3,3,3,3,3,3,3,3,3,3,3,3,5,4,1,3,5,5,5,1,3,3,3,4,4,4,4,3,3,5,1,1,5,5,4,5,4,4,8,2,10,3,3
882,4,3,3,4,2,2,2,2,4,4,4,4,3,4,5,5,5,5,5,5,5,5,5,5,1,5,1,1,4,5,1,5,4,2,2,4,4,5,5,3,3,5,1,1,5,4,4,6,5,3,3,1,10,3,10
883,1,1,1,1,1,1,1,1,3,4,3,4,3,3,4,3,4,3,3,3,3,3,3,4,1,2,1,1,5,4,2,2,5,3,3,3,3,3,3,3,3,5,1,1,5,4,4,6,4,3,4,2,1,2,1
884,4,2,1,1,1,1,1,1,2,1,1,3,3,3,4,4,4,4,3,3,3,4,4,4,3,3,1,1,5,2,1,1,5,2,2,1,1,4,4,3,3,3,3,2,4,4,4,1,5,1,8,1,1,3,2
885,4,4,3,5,4,2,2,3,4,4,5,3,4,3,4,4,4,3,4,4,4,5,4,5,5,5,2,4,3,4,4,4,2,5,3,2,2,4,4,3,3,4,2,4,4,3,2,6,5,2,2,1,10,2,4
887,4,4,1,1,1,1,1,1,3,3,3,2,2,2,4,4,3,4,4,4,4,4,3,4,3,4,5,1,5,5,4,4,5,3,1,2,1,2,1,3,3,5,1,1,5,4,3,6,3,4,6,2,9,2,1
891,2,3,1,3,1,1,1,1,4,4,5,3,3,4,4,4,4,4,3,3,3,5,5,5,2,5,1,5,5,5,5,4,5,1,1,2,2,2,2,3,3,4,1,1,5,4,2,6,5,3,3,2,8,3,2
893,2,2,1,1,1,1,1,1,4,4,5,3,3,3,4,4,4,4,4,3,2,5,5,4,1,5,1,2,5,5,5,5,3,4,2,2,2,2,5,3,3,5,1,1,5,4,4,1,5,3,2,2,1,2,2
894,1,3,1,3,2,1,1,1,4,4,4,3,3,4,4,4,4,4,3,3,3,3,3,4,1,4,2,3,5,4,4,5,2,4,2,4,3,3,4,3,3,4,3,2,4,5,4,1,3,4,2,1,10,1,1
897,2,2,1,1,1,1,1,1,4,3,3,3,2,2,4,4,3,2,1,1,1,4,3,5,1,3,1,1,4,4,5,3,4,5,1,2,1,3,2,3,2,4,2,1,4,4,3,3,2,2,3,1,8,1,1
898,1,2,1,1,1,1,1,1,3,2,1,1,1,1,1,2,2,3,2,3,3,2,2,2,1,3,1,1,5,5,5,1,4,2,1,2,2,2,2,3,2,4,3,2,4,4,3,6,3,4,7,2,1,3,1
903,2,1,1,1,1,1,1,1,3,3,3,3,2,2,4,3,4,3,3,2,3,4,3,3,1,3,1,1,5,3,3,3,5,3,1,3,3,2,3,3,3,4,2,2,4,3,3,6,3,4,3,2,11,2,1
904,4,3,1,2,1,1,1,1,4,3,3,2,3,3,4,3,4,4,2,2,2,3,3,4,4,5,1,1,5,4,2,5,4,4,5,1,1,3,3,3,3,2,2,2,2,4,6,6,4,4,4,2,10,3,1
905,3,1,2,3,1,1,1,1,2,1,1,1,2,1,1,2,2,3,2,2,3,5,3,3,3,4,4,1,5,4,3,1,5,1,1,3,3,3,3,3,3,1,5,4,4,6,5,6,5,1,8,2,1,3,2
909,1,1,1,1,1,1,1,1,3,3,3,1,1,1,3,4,4,2,2,2,2,4,3,1,2,2,2,2,5,3,3,2,1,2,2,1,1,1,1,3,3,3,3,2,3,3,1,1,4,4,8,2,1,3,2
910,3,4,1,3,1,1,1,1,4,4,5,3,4,4,4,4,4,4,3,3,3,4,4,4,1,4,1,5,5,4,5,3,1,3,5,1,1,4,4,3,3,5,1,1,5,3,5,6,4,2,1,2,1,3,1
917,2,3,1,3,1,1,1,1,4,4,4,4,4,3,4,3,3,3,3,4,4,5,4,4,2,5,3,4,5,5,5,5,3,3,3,3,2,4,3,3,3,5,2,1,4,2,3,6,4,3,4,2,8,2,2
919,1,1,1,1,1,1,1,1,3,4,3,3,3,3,4,3,4,3,2,2,4,4,3,3,2,3,1,1,5,3,4,1,4,2,2,1,1,1,2,3,2,4,2,2,4,5,3,1,3,1,6,1,1,3,1
928,3,5,4,4,1,1,3,1,3,4,3,3,3,4,3,4,4,4,3,3,3,4,4,3,2,4,3,3,5,4,5,5,4,2,1,2,1,1,1,3,2,5,3,3,3,5,4,6,3,4,5,2,10,2,2
929,3,4,2,3,3,2,2,1,5,5,5,5,5,5,4,4,4,5,4,4,4,5,5,5,1,5,1,3,5,5,5,5,1,5,4,1,1,1,4,3,2,5,4,5,5,5,5,6,4,3,2,1,8,2,1
930,5,5,3,3,1,1,1,1,5,4,4,4,4,5,5,5,4,5,5,5,5,5,5,4,4,5,2,5,5,4,4,3,3,4,2,4,4,3,2,3,3,5,1,1,5,4,1,4,3,4,3,1,8,2,3
936,3,2,2,5,2,1,1,1,4,3,5,4,2,4,5,5,5,5,5,5,5,5,5,5,3,5,3,5,5,5,5,5,4,5,3,1,1,5,4,3,3,5,1,1,5,1,1,1,4,4,3,1,9,2,1
937,4,3,2,4,2,1,1,1,4,4,4,3,3,3,4,4,4,4,4,3,4,4,4,3,3,4,1,3,5,5,4,4,5,2,1,4,3,4,4,3,2,4,3,2,4,3,3,6,4,4,5,1,10,2,3
939,3,1,1,3,1,1,1,1,4,4,3,3,3,3,4,3,4,4,4,3,2,5,4,5,2,3,1,1,2,4,3,4,2,4,4,4,3,3,3,2,3,4,1,1,4,5,3,6,4,3,1,1,8,1,1
943,3,4,1,4,1,1,1,1,5,5,5,3,3,5,4,5,5,4,4,4,4,5,5,5,1,4,2,4,2,5,4,4,3,3,3,4,4,5,4,3,2,4,1,1,5,2,2,6,3,3,3,1,8,1,1
946,3,1,1,1,1,1,1,1,3,3,3,3,3,3,4,4,3,3,3,3,3,4,2,3,1,3,1,1,5,3,5,5,5,2,1,3,3,3,3,3,3,1,5,3,1,3,3,4,4,4,5,1,10,2,2
947,4,3,3,4,1,1,5,4,5,5,5,4,5,5,3,4,4,4,3,3,4,5,3,3,2,3,2,2,5,3,4,4,5,4,1,4,3,5,4,3,3,5,2,3,4,3,3,4,5,3,5,1,8,1,1
948,1,5,1,1,1,1,1,1,5,5,5,5,5,3,4,4,4,5,4,4,4,5,5,5,3,5,2,1,5,5,4,3,4,4,4,3,3,3,3,3,3,5,1,1,5,3,3,6,3,4,2,2,10,1,1
949,1,3,1,1,1,1,1,1,4,4,3,3,2,3,5,4,4,4,2,3,2,4,4,4,1,5,2,2,5,5,2,3,5,2,2,3,3,3,3,3,3,4,4,3,4,4,5,5,4,3,3,2,1,2,15
951,2,1,1,1,1,1,1,1,3,3,3,3,1,1,4,4,3,4,4,4,4,4,3,3,3,4,1,1,5,4,2,5,4,4,1,3,3,3,4,3,3,5,2,2,5,4,4,6,3,4,6,2,1,3,1
954,1,3,1,1,1,1,1,1,4,4,4,4,3,3,4,4,4,5,4,3,5,4,4,4,2,4,2,2,5,5,5,2,5,2,1,2,2,4,4,2,2,5,1,1,5,4,4,6,4,4,3,2,10,3,2
960,3,3,1,1,1,1,1,1,3,3,3,2,3,4,5,5,5,4,3,3,4,4,4,4,2,4,2,2,5,4,4,1,5,1,1,1,1,3,4,3,3,1,2,4,4,2,2,4,3,4,6,2,10,3,1
961,3,3,1,3,1,1,1,1,4,4,4,3,3,4,4,4,3,4,3,4,2,4,3,4,1,2,1,2,5,3,3,2,5,1,1,3,3,4,4,3,3,4,2,2,1,4,3,3,3,2,6,1,10,3,1
964,2,3,3,3,2,1,2,1,4,4,5,4,4,4,5,5,5,4,4,4,4,5,5,4,2,3,1,2,3,4,3,5,3,4,4,3,3,4,4,3,3,4,2,1,5,5,5,2,3,3,3,1,10,2,2
965,1,3,1,4,1,1,1,3,4,4,5,3,3,3,4,3,4,4,4,3,3,4,4,4,2,4,2,3,4,5,3,4,4,2,2,5,3,4,4,3,2,3,4,4,3,2,3,3,4,4,3,2,10,1,1
967,3,5,3,4,1,1,1,1,4,5,4,4,3,3,5,5,5,4,4,4,4,5,4,4,1,3,2,4,5,4,3,4,3,4,1,4,4,3,3,3,3,5,1,1,5,1,4,6,4,3,2,1,9,2,2
968,2,2,2,1,1,1,1,1,4,3,3,3,2,2,4,4,3,3,3,3,3,4,3,3,2,5,3,2,5,5,3,5,5,2,2,4,4,4,4,3,3,4,5,4,4,5,4,6,4,3,4,2,2,3,2
969,3,1,1,2,1,1,1,1,1,1,1,1,1,1,3,2,3,3,3,3,3,3,1,5,2,5,2,1,5,5,1,2,5,4,2,2,1,1,1,3,2,5,1,1,1,3,3,5,3,4,5,1,11,3,3
970,4,4,1,2,1,1,1,1,4,4,4,3,3,4,5,4,4,3,2,3,2,4,3,5,1,4,1,2,5,5,3,3,5,4,1,3,1,1,1,3,3,5,1,2,5,5,4,6,4,4,6,2,10,1,1
972,2,2,2,3,1,1,1,1,3,3,3,3,3,3,3,3,3,4,3,3,4,3,2,2,4,3,4,2,4,3,3,4,4,3,2,3,3,3,3,3,3,4,2,2,4,6,3,1,2,4,4,2,10,2,2
973,3,2,1,1,1,1,1,1,4,3,3,4,3,2,4,3,4,4,3,3,2,4,3,3,1,4,3,2,5,3,3,2,5,2,1,3,3,3,3,3,3,4,2,1,4,4,3,6,3,2,5,1,1,3,1
978,4,1,2,3,3,1,1,1,4,4,3,4,3,3,4,2,3,4,4,3,3,5,5,4,1,4,1,3,3,4,3,4,2,3,2,2,2,4,4,3,3,4,2,2,4,3,3,2,3,4,4,2,9,2,2
979,4,2,1,1,1,1,1,1,4,4,3,3,3,3,3,3,4,3,3,4,4,4,3,4,1,5,2,3,5,5,4,3,4,3,2,3,3,4,4,3,2,3,4,3,4,3,4,4,4,4,5,2,11,2,9
980,2,1,1,1,1,1,1,1,4,3,3,3,3,3,4,4,4,4,2,4,4,3,4,3,3,4,2,1,3,4,3,3,5,3,1,3,1,2,2,2,2,5,2,2,5,3,2,3,4,4,4,2,10,2,1
981,2,1,1,2,1,1,1,1,4,3,3,2,3,3,5,3,3,3,2,3,3,3,3,3,2,3,3,2,5,4,3,2,4,3,2,3,2,3,2,2,1,3,3,3,3,1,1,1,2,4,5,1,11,2,1
987,4,3,1,2,2,1,1,1,4,3,3,3,3,3,4,4,4,4,3,4,2,4,2,4,2,4,3,3,5,5,3,5,1,2,4,3,2,3,3,3,3,4,4,4,4,1,3,1,3,4,5,1,10,2,3
989,5,5,5,5,4,4,5,5,5,5,5,5,5,5,4,4,5,5,4,4,5,5,4,5,2,5,1,5,2,5,5,5,2,5,4,1,1,4,4,3,3,5,1,1,5,1,2,4,5,3,3,1,2,2,1
990,3,1,1,1,1,1,1,1,2,2,1,3,2,2,4,3,2,3,2,3,3,3,2,2,4,4,5,1,5,3,1,1,5,1,1,1,1,1,1,3,3,4,2,2,4,4,3,6,3,1,7,1,1,3,2
992,2,2,1,1,1,1,1,1,4,3,3,2,2,2,4,2,4,4,4,4,4,3,2,2,1,3,4,1,5,2,3,2,4,3,3,4,3,4,4,3,2,4,1,1,4,1,1,3,4,4,4,1,9,2,1
993,5,3,4,4,1,1,1,1,4,3,4,3,3,4,3,4,4,4,4,4,4,4,4,3,1,5,1,2,5,4,4,5,5,4,3,1,1,4,4,3,2,5,3,3,5,1,1,6,4,4,8,2,10,2,6
998,2,3,2,4,1,1,1,1,3,3,3,4,3,3,4,4,2,4,2,3,3,4,3,3,3,4,2,5,2,5,5,4,3,4,3,2,3,4,4,3,3,4,4,4,4,1,2,6,3,4,4,2,10,1,1
999,2,2,2,1,1,1,1,1,4,3,3,3,3,3,3,4,4,4,3,4,4,4,3,3,3,4,3,2,5,4,3,3,5,3,1,3,3,3,4,3,3,4,3,2,3,4,4,6,3,4,3,2,9,2,2
1000,4,4,4,4,2,2,3,3,4,4,3,3,4,4,3,5,4,4,4,4,5,4,3,4,4,5,2,3,4,5,4,5,2,4,4,4,4,4,2,2,2,4,1,1,5,4,1,1,1,4,2,2,9,1,1
1001,2,1,1,1,1,1,1,1,4,4,3,4,3,3,4,2,4,2,3,4,3,4,4,4,1,5,1,1,5,5,3,3,4,4,2,3,2,4,3,3,3,4,3,4,4,6,6,6,4,4,4,2,1,3,2
1005,3,3,1,1,1,1,1,1,3,3,3,5,2,1,4,4,3,4,2,2,3,4,1,2,3,3,5,1,5,3,2,3,5,1,1,3,2,3,4,3,3,4,2,4,4,1,5,6,3,4,5,1,1,2,2
1006,3,4,5,1,1,1,1,1,4,5,5,4,3,3,4,4,5,5,3,4,5,5,2,4,2,3,1,1,5,4,3,1,5,1,1,3,3,5,5,3,3,4,1,2,5,3,4,5,5,4,6,2,10,3,1
1007,4,3,1,4,1,1,1,1,4,3,4,4,2,4,2,4,2,4,2,4,4,5,2,5,3,5,2,5,2,5,5,5,2,4,4,3,2,3,2,3,3,4,2,2,4,4,1,4,1,4,3,2,8,2,3
1008,2,2,1,2,1,1,1,1,4,4,4,4,3,3,4,4,4,3,4,4,3,4,4,3,1,3,3,1,5,3,4,3,5,2,3,3,3,3,3,3,3,5,2,1,5,1,1,1,3,3,3,1,1,2,1
1013,4,4,5,5,1,1,1,1,5,5,5,5,5,5,4,5,5,5,4,4,5,5,4,4,2,4,2,5,5,5,5,5,4,5,1,3,3,4,4,3,2,5,1,1,5,3,3,4,4,3,2,2,9,2,1
1015,1,2,1,1,1,1,1,1,3,2,2,1,1,1,3,2,3,2,1,4,2,2,2,1,5,3,5,1,5,3,3,1,5,1,1,1,1,1,1,3,2,4,3,3,4,4,3,1,2,1,7,1,10,2,1
1016,2,2,1,1,1,1,1,1,4,4,3,3,3,3,4,3,3,3,4,4,4,4,4,3,3,4,3,1,5,3,3,4,4,5,3,3,3,3,4,3,2,4,2,2,4,5,3,6,4,2,4,2,9,3,1
1018,5,3,1,3,1,1,1,1,4,5,3,2,2,4,4,4,2,4,4,4,4,4,4,4,1,5,1,4,5,5,5,5,5,4,3,4,3,5,5,3,3,4,1,1,5,5,2,5,5,3,2,1,9,3,1
1021,1,1,1,1,1,1,1,1,4,3,3,2,2,2,4,4,4,4,3,3,3,3,3,3,3,4,3,1,5,4,3,2,5,1,1,3,3,3,3,3,2,3,3,3,3,6,1,6,3,4,6,1,10,1,4
1023,1,1,1,3,1,1,1,1,3,3,4,1,2,2,3,2,3,4,3,3,4,4,4,4,1,2,1,1,5,3,3,2,4,4,1,4,3,3,3,3,2,4,2,2,4,5,2,2,2,4,3,2,9,3,1
1027,1,3,1,1,1,1,2,1,4,4,3,3,3,2,4,4,4,4,3,3,3,4,5,4,1,5,2,3,3,5,5,2,3,2,2,1,3,3,3,2,2,4,2,3,4,2,3,6,5,4,4,1,10,2,1
1029,5,4,4,4,5,3,2,3,4,4,4,2,4,4,5,4,5,5,3,3,3,5,5,5,4,4,4,5,2,3,3,5,2,4,4,4,4,4,4,3,3,5,3,2,4,4,4,1,3,4,2,1,1,3,1
1031,4,5,3,3,2,1,3,3,5,4,3,4,3,3,4,3,4,4,2,4,4,5,4,5,2,3,1,3,3,4,5,2,4,4,1,2,1,3,3,3,2,5,1,1,5,2,2,6,3,3,3,2,8,3,2
1034,3,4,2,2,1,1,1,1,2,2,1,1,1,1,2,1,3,3,1,2,1,2,2,1,4,3,5,1,5,2,5,1,5,1,1,1,1,4,4,3,2,2,3,2,2,5,1,6,2,1,5,1,9,3,2
1035,3,1,1,1,1,1,1,1,4,4,3,3,3,3,4,4,4,3,3,3,3,4,4,4,1,3,1,1,4,4,2,2,5,3,1,3,3,3,5,3,3,4,3,3,4,4,3,6,3,4,5,1,1,1,1
1036,2,1,1,3,1,1,1,1,5,5,5,3,4,4,4,4,4,5,4,2,2,5,3,4,1,5,1,2,4,5,5,5,4,4,2,4,3,3,3,3,3,4,2,1,4,4,4,4,4,3,3,2,8,3,1
1039,3,3,2,1,1,1,1,1,4,4,3,3,3,3,4,4,4,3,3,3,3,4,4,3,2,4,2,2,4,5,5,2,4,2,2,3,2,3,4,3,3,5,2,2,5,3,3,6,3,4,5,2,10,2,2
1041,4,4,1,2,1,1,1,1,4,3,4,4,3,3,4,4,4,4,3,3,3,4,3,3,1,5,1,1,5,4,2,2,3,4,3,4,4,4,4,3,3,5,3,2,5,4,3,6,4,2,3,1,1,1,1
1044,1,2,2,1,1,1,1,1,4,4,3,3,3,3,2,3,4,4,3,3,4,4,4,4,1,5,1,1,2,5,2,4,2,4,5,2,1,4,5,3,3,5,1,1,4,6,6,6,1,4,2,2,9,1,1
1050,3,2,1,5,3,1,1,1,4,4,5,3,4,4,5,4,2,5,5,4,4,5,4,5,1,4,1,3,2,5,4,3,2,4,4,4,2,5,5,3,2,4,2,3,4,5,4,6,5,3,3,1,1,3,2
1052,5,4,2,5,5,1,1,5,5,5,5,4,4,4,5,5,5,5,4,4,4,5,5,5,1,4,1,4,1,5,4,5,1,5,5,1,1,4,2,2,1,5,1,1,5,1,1,1,5,4,1,1,9,1,5
1057,1,1,1,1,1,1,1,1,2,2,2,2,2,2,4,4,4,2,2,2,2,4,4,4,3,3,1,1,5,4,3,2,5,1,1,3,3,4,3,3,3,4,2,2,4,3,3,6,3,4,5,2,1,3,1
1059,2,3,1,1,1,1,1,1,3,2,1,1,1,2,3,2,2,2,2,3,3,3,1,1,4,4,5,1,5,4,4,4,5,3,1,3,3,3,3,3,3,2,2,2,2,4,3,6,4,4,8,2,2,1,1
1064,3,4,1,2,1,2,2,1,3,3,3,3,2,2,5,5,5,4,4,3,4,3,3,4,2,2,4,2,4,4,4,1,1,1,1,3,3,3,3,3,3,5,5,5,5,1,1,1,1,1,8,2,2,2,3
1067,1,1,1,1,1,1,1,1,1,1,1,1,1,1,1,1,1,1,1,1,1,1,1,1,5,5,5,1,5,1,1,1,5,1,1,1,1,1,1,3,3,1,2,1,3,5,1,6,1,1,8,2,1,2,3
1068,3,2,1,1,1,1,1,1,4,4,4,3,3,3,4,4,5,4,3,3,3,4,3,4,2,4,1,1,5,4,4,2,5,1,1,3,2,2,3,3,2,4,2,2,4,6,3,4,1,2,7,2,8,2,2
1069,2,1,1,1,1,1,1,1,1,1,1,2,1,1,2,2,4,4,1,1,3,4,1,1,1,3,2,1,5,2,2,1,5,1,1,3,2,3,4,3,3,4,2,3,4,4,5,6,3,1,8,1,1,3,1
1074,1,1,1,3,1,1,1,1,2,3,3,3,4,3,3,4,4,3,1,2,2,4,2,1,4,3,1,1,5,3,4,1,5,1,1,4,4,3,3,3,2,4,2,2,4,3,6,6,6,4,5,1,9,2,2
1076,4,5,1,3,1,1,1,1,4,4,4,2,3,1,4,3,4,4,4,4,4,4,3,3,4,4,1,1,5,5,5,5,5,3,1,4,3,4,4,3,3,4,1,1,5,3,4,4,3,4,6,1,2,2,1
1079,3,2,4,3,3,2,2,1,2,2,2,2,2,2,2,2,3,3,2,4,2,4,3,4,1,4,2,4,2,3,3,4,4,3,3,3,4,4,2,3,3,3,3,4,4,3,3,5,4,2,5,1,1,2,4
1080,3,3,2,1,1,1,1,1,4,2,3,3,3,3,4,3,4,4,2,2,2,5,4,4,5,4,4,5,5,4,5,4,5,2,2,3,3,5,5,3,2,4,3,3,4,5,3,6,4,4,6,1,1,3,1
1085,3,3,1,3,3,1,1,1,2,2,3,3,3,3,4,4,4,4,3,3,3,5,4,5,1,1,1,1,1,1,1,1,4,5,1,5,5,5,5,3,3,5,3,1,4,5,5,6,5,4,1,1,11,2,1
1086,2,3,1,1,1,1,1,1,4,4,3,3,2,2,4,4,5,3,3,3,4,4,3,3,2,4,2,1,5,4,4,3,5,1,1,2,1,4,4,3,3,5,1,1,5,4,3,6,3,3,4,1,9,3,2
1090,3,1,1,3,1,1,1,1,4,5,3,4,4,4,5,4,4,5,4,3,5,5,5,5,1,3,2,3,2,5,4,3,2,3,4,4,2,4,4,3,3,5,1,1,5,5,1,6,4,3,1,1,10,1,2
1091,4,3,1,1,1,1,1,1,3,3,3,4,3,3,4,4,3,3,3,4,4,4,4,3,1,2,2,1,4,3,1,2,5,2,1,3,2,4,4,3,2,5,1,1,5,3,2,6,4,4,5,1,2,1,1
1092,3,4,1,4,4,1,1,1,5,5,5,3,3,5,4,3,3,5,5,5,5,5,5,4,1,5,1,3,3,5,5,5,4,5,1,1,1,4,4,3,3,5,1,1,5,5,3,6,3,3,2,2,8,2,3
1093,3,2,1,1,1,1,1,1,3,3,2,2,2,3,4,3,3,3,2,2,2,4,4,4,4,3,1,1,5,3,2,1,5,4,3,3,2,2,2,3,2,4,3,2,4,4,4,6,3,1,6,1,1,3,1
1094,2,2,2,1,1,1,1,1,4,3,3,3,2,3,3,3,4,4,3,3,3,4,4,3,1,3,2,1,5,4,3,3,5,4,2,2,2,3,2,2,2,4,2,3,4,3,3,3,3,4,6,2,1,3,1
1097,3,4,2,4,3,2,5,4,5,5,5,3,4,3,4,4,5,5,4,4,4,5,5,5,1,4,1,2,2,4,3,5,3,4,3,5,5,5,5,3,3,5,2,1,5,3,5,6,5,3,1,2,9,1,3
1099,3,1,3,3,1,1,1,1,5,5,4,1,2,3,4,4,4,4,2,4,2,4,5,4,2,4,1,1,1,5,5,5,2,4,4,3,4,4,2,2,2,4,2,2,4,6,5,6,2,4,4,2,9,3,1
1102,1,1,1,1,1,1,1,1,3,3,3,3,3,3,2,2,2,2,3,3,3,3,3,3,1,1,3,1,4,2,2,1,5,2,1,3,3,3,3,1,1,4,2,2,4,3,1,6,3,4,6,1,8,3,NA
1104,1,1,1,1,1,1,1,1,2,2,2,2,2,2,3,3,3,3,3,3,3,2,2,1,4,5,4,2,5,3,2,1,5,2,1,1,1,1,1,3,3,3,3,3,3,4,4,1,3,4,NA,2,10,1,1
1106,4,3,1,5,2,1,4,3,4,3,3,3,3,3,4,3,4,4,4,3,3,5,3,4,5,5,3,4,4,5,5,4,2,4,4,4,3,4,4,2,2,3,3,3,3,3,2,4,4,4,3,2,9,1,1
1111,1,2,1,5,1,1,1,1,4,5,5,5,4,4,3,4,5,5,4,4,5,5,4,5,2,4,1,2,2,4,4,5,2,2,2,3,2,4,4,3,2,5,2,1,5,1,3,6,4,4,3,2,10,2,1
1114,5,2,3,5,1,1,1,1,5,5,5,4,4,5,4,4,4,4,3,3,3,5,3,5,3,5,3,5,5,3,5,3,5,1,1,1,1,1,1,2,2,4,2,1,4,1,1,5,5,4,4,2,9,2,2
1120,2,2,1,1,1,1,1,1,4,3,3,2,2,2,4,4,5,4,4,3,4,5,2,3,3,4,1,3,5,4,3,2,5,1,1,3,4,4,3,3,3,5,2,2,4,1,1,3,2,4,4,1,8,2,1
1122,2,2,1,1,1,1,1,1,4,4,4,3,3,3,4,4,4,4,4,4,4,4,4,4,1,5,1,2,5,5,5,5,4,1,1,3,3,3,3,3,3,3,3,3,3,1,1,1,1,4,4,2,11,2,3
1126,5,2,3,4,1,1,3,1,5,5,5,4,4,4,4,4,4,3,3,3,3,5,4,5,2,5,1,2,5,5,5,3,3,4,2,3,3,4,4,3,3,5,2,2,5,1,3,4,5,3,5,2,8,1,1
1129,1,1,1,1,1,1,1,1,1,1,1,1,1,1,1,1,2,1,3,4,4,1,1,1,4,2,4,1,5,2,2,1,5,1,1,1,1,1,1,3,3,5,1,1,5,4,2,1,4,4,7,1,1,3,2
1130,1,1,1,1,1,1,1,1,1,1,1,1,1,1,2,3,2,3,1,1,1,5,3,3,1,2,1,1,4,4,1,1,5,2,1,4,4,4,4,3,3,4,2,2,4,1,1,6,3,4,5,2,1,3,2
1133,1,1,1,1,1,1,1,1,1,1,1,1,1,1,5,3,4,3,1,1,1,3,2,2,1,1,1,1,5,3,2,1,5,3,1,1,1,1,1,3,2,2,2,2,4,5,5,5,5,1,8,1,1,3,2
1134,3,1,1,1,1,1,1,1,4,4,3,3,2,3,3,4,4,4,3,3,3,3,2,2,3,4,3,1,4,4,3,2,4,2,3,3,3,3,3,3,2,4,2,1,5,3,3,6,4,1,6,1,11,3,2
1135,1,1,1,1,1,1,1,1,4,3,3,2,3,2,4,5,4,3,3,3,3,5,4,4,1,3,1,3,5,2,5,1,1,3,3,3,3,3,3,3,3,5,3,3,5,1,1,6,1,4,5,1,8,2,2
1136,2,5,2,3,1,1,2,1,5,4,5,3,4,4,3,4,4,5,3,3,4,5,5,5,2,5,1,4,2,5,4,5,1,5,5,4,2,4,4,3,3,5,1,1,5,2,2,6,4,4,2,1,8,3,2
1137,4,3,1,4,1,1,1,1,5,5,5,4,4,5,4,4,4,4,3,4,4,5,4,4,1,4,1,4,4,5,4,5,3,4,2,5,3,4,4,3,3,5,2,2,5,6,4,6,4,3,3,2,9,3,2
1140,1,1,1,1,1,1,1,1,2,1,1,1,1,1,2,2,2,3,1,1,1,4,1,2,4,3,4,2,5,3,2,1,5,1,1,1,1,1,1,3,3,4,2,2,4,2,2,1,2,4,6,1,9,3,1
1141,3,1,1,1,1,1,1,1,4,4,4,4,2,2,2,2,4,2,2,2,2,5,4,5,1,4,1,2,4,4,4,4,5,2,1,2,2,4,4,3,3,5,1,1,5,4,2,6,3,3,3,1,8,3,1
1146,4,3,3,3,2,1,3,1,4,4,4,3,3,3,4,4,3,3,3,3,3,4,3,3,3,4,1,2,2,4,3,4,3,3,3,3,3,3,3,3,3,4,3,2,4,5,3,3,3,4,5,2,9,1,1
1150,2,4,1,1,1,1,1,1,3,4,3,3,2,2,3,3,3,3,2,2,2,4,4,4,1,5,1,1,5,5,4,4,5,1,1,2,1,4,4,3,2,4,4,3,4,2,3,1,4,1,6,2,1,2,1
1151,4,3,1,1,1,1,4,1,4,4,5,3,3,4,4,5,4,3,2,3,3,4,4,4,2,5,2,1,5,4,3,4,3,4,2,2,2,4,5,3,3,4,3,1,5,3,3,2,4,4,4,2,1,2,1
1152,3,3,1,1,1,1,1,1,4,4,5,3,2,3,4,4,4,4,4,4,4,4,3,3,3,5,4,3,5,4,3,4,5,2,1,3,2,3,3,3,2,4,3,2,4,4,2,5,1,4,7,2,1,2,2
1153,3,3,3,3,1,1,1,1,4,4,4,3,4,3,4,4,4,4,3,4,3,4,5,5,1,4,1,1,5,4,3,2,5,3,1,3,3,4,3,2,2,5,2,2,5,3,3,6,5,4,5,2,10,1,1
1154,1,3,2,1,1,1,1,1,3,3,3,4,4,4,4,4,4,4,3,3,1,4,4,4,2,3,2,1,5,4,4,5,3,4,1,3,2,3,2,3,3,5,3,3,4,4,4,6,4,4,5,2,10,2,1
1155,2,1,1,1,1,1,1,1,4,2,1,1,1,1,3,3,4,3,1,1,1,3,1,3,3,2,4,1,5,4,3,5,5,4,1,3,3,4,4,3,3,1,1,2,5,5,5,1,4,2,1,2,9,2,3
1161,2,1,1,1,1,1,1,1,4,4,3,2,2,2,4,4,3,3,3,3,3,4,4,3,1,4,3,2,5,4,3,4,4,2,1,3,2,3,3,2,2,4,2,2,4,3,3,6,4,4,4,2,1,2,1
1162,2,4,2,2,1,1,1,1,5,5,5,3,3,3,4,4,5,5,4,4,3,5,4,5,3,4,3,2,4,4,4,4,4,5,2,3,3,5,3,3,3,3,2,2,4,2,4,6,4,4,4,2,8,2,1
1164,3,2,1,1,1,1,1,1,5,4,4,3,4,3,4,4,5,4,1,3,3,5,4,3,1,4,1,2,5,4,3,4,5,3,1,3,2,4,5,3,3,5,1,1,5,3,2,3,4,4,4,2,10,3,2
1170,5,4,4,5,5,2,1,2,5,5,5,5,5,5,3,3,5,5,5,5,5,5,5,5,2,5,3,1,4,5,5,4,2,4,4,5,5,5,5,3,2,4,3,1,4,5,4,6,5,3,2,2,10,1,1
1172,1,1,1,1,1,1,1,1,3,1,2,1,1,1,3,2,3,1,1,1,4,4,4,3,3,5,3,1,5,5,3,4,5,3,1,1,1,1,1,3,3,3,4,4,2,3,1,1,1,1,6,2,1,3,1
1179,2,2,1,1,1,1,1,1,4,4,4,3,2,3,4,3,2,3,3,3,4,4,4,4,1,2,1,1,5,4,3,5,4,4,1,3,2,3,3,3,3,4,2,2,4,6,3,2,3,4,2,2,9,2,5
1182,2,3,1,4,1,1,1,1,4,4,4,3,3,3,4,4,5,5,3,4,4,5,4,4,1,3,1,2,5,4,3,5,5,4,1,4,2,5,5,3,3,4,2,2,4,3,3,3,4,3,2,2,10,3,4
1183,5,4,2,5,3,2,5,5,5,5,5,5,4,4,4,5,5,4,3,3,3,5,4,4,3,5,2,3,2,5,5,5,2,5,3,3,4,4,3,3,3,5,1,1,5,1,1,3,3,3,2,2,10,1,1
1186,4,2,1,1,1,1,1,1,3,3,2,4,2,2,2,2,2,4,2,2,2,4,2,2,2,5,4,3,3,5,4,3,4,4,1,5,2,4,4,3,3,5,4,4,4,4,3,6,3,4,3,2,10,1,1
1187,1,1,1,1,1,1,1,1,4,4,3,2,1,1,2,1,4,1,1,1,1,4,4,5,2,5,1,1,1,5,2,5,2,4,5,1,1,1,1,3,3,4,4,1,3,5,5,5,2,4,3,1,8,3,1
1189,2,3,1,2,1,1,2,1,4,3,4,3,3,2,5,5,5,5,3,5,4,5,3,4,1,4,1,1,5,5,2,4,5,4,2,2,2,3,2,3,3,5,3,1,5,5,2,6,3,4,5,2,1,3,2
1190,3,1,1,3,1,1,1,1,4,5,5,5,3,3,5,4,4,5,4,4,4,4,4,5,2,5,1,3,3,5,4,5,2,4,3,4,3,4,3,3,3,5,1,1,5,3,2,4,4,3,2,2,10,2,1
1193,2,3,1,1,1,1,1,1,2,1,2,1,1,1,3,3,2,2,2,2,2,5,3,4,2,5,1,1,3,5,2,1,3,3,4,1,1,4,4,3,3,3,4,3,4,3,1,6,4,4,6,1,1,3,3
1194,5,3,2,4,1,1,2,2,4,2,4,2,2,2,4,2,4,4,2,4,2,5,4,4,4,5,1,1,1,5,3,5,1,5,5,2,2,4,5,3,3,5,1,1,5,3,3,6,5,3,1,1,11,2,2
1195,1,1,1,1,1,1,1,1,3,3,3,2,3,2,3,3,3,4,3,3,3,4,3,1,1,1,1,1,5,3,5,1,5,1,1,3,1,3,3,3,2,4,4,4,4,4,4,NA,5,4,7,1,1,2,3
1197,3,3,2,5,3,1,4,3,5,5,5,5,3,5,4,5,5,4,3,3,4,5,3,4,2,5,1,1,5,5,4,5,5,1,1,3,3,5,5,3,2,5,4,4,5,4,5,3,5,4,5,1,1,1,1
1198,2,1,1,1,1,1,1,1,3,3,3,3,1,2,5,5,4,2,1,1,1,4,4,4,1,2,1,1,4,3,4,3,4,4,3,1,1,1,1,3,2,5,2,1,5,5,5,6,4,4,4,1,2,1,1
1203,2,3,1,3,1,1,1,1,4,4,3,3,3,2,2,3,4,5,3,3,3,4,4,4,2,4,3,2,5,4,2,3,5,3,1,3,3,4,5,3,3,5,2,2,5,5,5,5,5,3,4,2,8,3,1
1204,2,4,2,1,1,1,1,1,4,5,3,2,4,4,5,5,5,4,4,3,5,3,4,5,4,5,1,3,5,5,5,3,5,2,1,2,2,4,5,2,2,5,1,1,5,2,4,6,4,2,4,1,10,2,2
1206,4,3,1,3,1,1,1,2,3,3,3,3,2,3,4,4,4,3,3,3,3,4,3,3,1,4,1,1,5,4,3,3,5,3,2,2,2,5,5,3,3,5,2,2,5,3,4,6,5,4,3,2,1,2,1
1207,1,2,1,1,1,1,1,1,4,4,4,4,4,4,4,4,4,4,4,3,4,4,4,4,2,3,1,1,5,3,3,2,5,2,1,3,2,3,3,3,3,4,2,2,4,3,3,2,2,4,5,2,8,2,6
1209,1,1,1,1,1,1,1,1,3,3,3,3,3,3,3,3,3,3,3,3,3,3,3,3,1,1,1,1,1,1,1,1,3,3,3,3,3,3,3,2,2,3,3,3,3,5,3,6,2,4,5,1,11,3,1
1212,2,1,1,1,1,1,1,1,3,2,3,4,3,3,3,3,3,3,1,1,3,4,2,4,3,3,2,1,4,4,2,3,2,5,5,2,2,3,2,2,2,4,3,4,4,4,3,6,3,4,3,1,11,3,2
1219,1,1,1,1,1,1,1,1,3,2,3,3,3,3,2,2,2,2,2,1,2,3,2,2,1,2,1,1,5,3,1,1,5,1,1,1,1,1,2,3,3,3,2,2,3,4,3,1,2,4,9,1,9,3,2
1222,2,3,2,1,1,1,1,1,4,3,3,3,3,3,4,3,4,3,3,3,3,3,3,4,2,5,1,1,5,5,5,5,5,1,1,3,4,4,4,3,3,5,5,4,5,5,3,2,3,4,3,2,10,2,1
1227,3,3,2,3,1,1,2,1,4,3,3,4,4,4,5,4,4,5,5,4,3,4,3,4,3,4,2,2,2,3,2,3,3,3,3,3,2,4,4,3,3,4,3,2,4,1,3,2,4,3,4,2,8,2,1
